"","date","name","category","value"
"1","2000-01-01","Coca-Cola","Beverages",72537
"2","2000-01-01","Microsoft","Technology",70196
"3","2000-01-01","IBM","Business Services",53183
"4","2000-01-01","Intel","Technology",39048
"5","2000-01-01","Nokia","Technology",38528
"6","2000-01-01","GE","Diversified",38127
"7","2000-01-01","Ford","Automotive",36368
"8","2000-01-01","Disney","Media",33553
"9","2000-01-01","McDonald's","Restaurants",27859
"10","2000-01-01","AT&T","Telecommunications",25548
"11","2000-01-01","Marlboro","Tobacco",22110
"12","2000-01-01","Mercedes-Benz","Automotive",21104
"13","2000-01-01","HP","Electronics",20572
"14","2000-01-01","Cisco","Business Services",20067
"15","2000-01-01","Toyota","Automotive",18823
"16","2000-01-01","Citi","Financial Services",18809
"17","2000-01-01","Gillette","FMCG",17358
"18","2000-01-01","Sony","Electronics",16409
"19","2000-01-01","American Express","Financial Services",16122
"20","2000-01-01","Honda","Automotive",15244
"21","2000-01-01","Compaq","Technology",14602
"22","2000-01-01","NESCAFÉ","Beverages",13680
"23","2000-01-01","BMW","Automotive",12969
"24","2000-01-01","Kodak","Electronics",11822
"25","2000-01-01","Heinz","FMCG",11742
"26","2000-01-01","Budweiser","Alcohol",10684
"27","2000-01-01","Xerox","Business Services",9699
"28","2000-01-01","Dell","Electronics",9476
"29","2000-01-01","Gap","Apparel",9316
"30","2000-01-01","Nike","Sporting Goods",8015
"31","2000-01-01","Volkswagen","Automotive",7834
"32","2000-01-01","Ericsson","Electronics",7805
"33","2000-01-01","Kellogg's","FMCG",7357
"34","2000-01-01","Louis Vuitton","Luxury",6887
"35","2000-01-01","Pepsi","Beverages",6636
"36","2000-01-01","Apple","Technology",6594
"37","2000-01-01","MTV","Media",6411
"38","2000-01-01","Yahoo!","Media",6299
"39","2000-01-01","SAP","Business Services",6135
"40","2000-01-01","IKEA","Retail",6031
"41","2000-01-01","Duracell","FMCG",5885
"42","2000-01-01","Philips","Electronics",5481
"43","2000-01-01","Samsung","Technology",5223
"44","2000-01-01","Gucci","Luxury",5149
"45","2000-01-01","Kleenex","FMCG",5144
"46","2000-01-01","Reuters","Media",4876
"47","2000-01-01","AOL","Media",4531
"48","2000-01-01","Amazon","Technology",4528
"49","2000-01-01","Motorola","Electronics",4445
"50","2000-01-01","Colgate","FMCG",4417
"51","2000-01-01","Wrigley","FMCG",4324
"52","2000-01-01","Chanel","Luxury",4141
"53","2000-01-01","adidas","Sporting Goods",3791
"54","2000-01-01","Panasonic","Electronics",3734
"55","2000-01-01","Rolex","Luxury",3561
"56","2000-01-01","Hertz","Automotive",3438
"57","2000-01-01","Bacardi","Alcohol",3187
"58","2000-01-01","BP","Energy",3066
"59","2000-01-01","Moët & Chandon","Alcohol",2799
"60","2000-01-01","Shell","Energy",2786
"61","2000-01-01","Burger King","Restaurants",2701
"62","2000-01-01","Smirnoff","Alcohol",2443
"63","2000-01-01","Barbie","Toys & Games",2315
"64","2000-01-01","Heineken","Alcohol",2218
"65","2000-01-01","Wall Street Journal","Media",2184
"66","2000-01-01","Ralph Lauren","Apparel",1834
"67","2000-01-01","Johnnie Walker","Alcohol",1541
"68","2000-01-01","Hilton","Hospitality",1483
"69","2000-01-01","Jack Daniel's","Alcohol",1480
"70","2000-01-01","Armani","Luxury",1456
"71","2000-01-01","Pampers","FMCG",1400
"72","2000-01-01","Starbucks","Restaurants",1329
"73","2000-01-01","Guinness","Alcohol",1224
"74","2000-01-01","Financial Times","Media",1148
"75","2000-01-01","Benetton","Apparel",1008
"76","2001-01-01","Coca-Cola","Beverages",68945
"77","2001-01-01","Microsoft","Technology",65068
"78","2001-01-01","IBM","Business Services",52752
"79","2001-01-01","GE","Diversified",42396
"80","2001-01-01","Nokia","Technology",35035
"81","2001-01-01","Intel","Technology",34665
"82","2001-01-01","Disney","Media",32591
"83","2001-01-01","Ford","Automotive",30092
"84","2001-01-01","McDonald's","Restaurants",25289
"85","2001-01-01","AT&T","Telecommunications",22828
"86","2001-01-01","Marlboro","Tobacco",22053
"87","2001-01-01","Mercedes-Benz","Automotive",21728
"88","2001-01-01","Citi","Financial Services",19005
"89","2001-01-01","Toyota","Automotive",18578
"90","2001-01-01","HP","Electronics",17983
"91","2001-01-01","Cisco","Business Services",17209
"92","2001-01-01","American Express","Financial Services",16919
"93","2001-01-01","Gillette","FMCG",15298
"94","2001-01-01","Merrill Lynch","Financial Services",15015
"95","2001-01-01","Sony","Electronics",15005
"96","2001-01-01","Honda","Automotive",14638
"97","2001-01-01","BMW","Automotive",13858
"98","2001-01-01","NESCAFÉ","Beverages",13250
"99","2001-01-01","Compaq","Technology",12354
"100","2001-01-01","Oracle","Business Services",12224
"101","2001-01-01","Budweiser","Alcohol",10838
"102","2001-01-01","Kodak","Electronics",10801
"103","2001-01-01","Merck & Co., Inc.","Pharmaceuticals",9672
"104","2001-01-01","Nintendo","Electronics",9460
"105","2001-01-01","Pfizer","Pharmaceuticals",8951
"106","2001-01-01","Gap","Apparel",8746
"107","2001-01-01","Dell","Electronics",8269
"108","2001-01-01","Goldman Sachs","Financial Services",7862
"109","2001-01-01","Nike","Sporting Goods",7589
"110","2001-01-01","Volkswagen","Automotive",7338
"111","2001-01-01","Ericsson","Electronics",7069
"112","2001-01-01","Heinz","FMCG",7062
"113","2001-01-01","Louis Vuitton","Luxury",7053
"114","2001-01-01","Kellogg's","FMCG",7005
"115","2001-01-01","MTV","Media",6599
"116","2001-01-01","Canon","Electronics",6580
"117","2001-01-01","Samsung","Technology",6374
"118","2001-01-01","SAP","Business Services",6307
"119","2001-01-01","Pepsi","Beverages",6214
"120","2001-01-01","Xerox","Business Services",6019
"121","2001-01-01","IKEA","Retail",6005
"122","2001-01-01","Pizza Hut","Restaurants",5978
"123","2001-01-01","Harley-Davidson","Automotive",5532
"124","2001-01-01","Apple","Technology",5464
"125","2001-01-01","Gucci","Luxury",5363
"126","2001-01-01","KFC","Restaurants",5261
"127","2001-01-01","Reuters","Media",5236
"128","2001-01-01","Sun Microsystems","Business Services",5149
"129","2001-01-01","Kleenex","FMCG",5085
"130","2001-01-01","Philips","Electronics",4900
"131","2001-01-01","Colgate","FMCG",4572
"132","2001-01-01","Wrigley","FMCG",4530
"133","2001-01-01","AOL","Media",4495
"134","2001-01-01","Yahoo!","Media",4378
"135","2001-01-01","Avon","FMCG",4369
"136","2001-01-01","Chanel","Luxury",4265
"137","2001-01-01","Duracell","FMCG",4140
"138","2001-01-01","Boeing","Diversified",4060
"139","2001-01-01","Texas Instruments","Technology",4041
"140","2001-01-01","Kraft","FMCG",4032
"141","2001-01-01","Motorola","Electronics",3761
"142","2001-01-01","Levi's","Apparel",3747
"143","2001-01-01","Time","Media",3724
"144","2001-01-01","Rolex","Luxury",3701
"145","2001-01-01","adidas","Sporting Goods",3650
"146","2001-01-01","Hertz","Automotive",3617
"147","2001-01-01","Panasonic","Electronics",3490
"148","2001-01-01","Tiffany & Co.","Luxury",3483
"149","2001-01-01","BP","Energy",3247
"150","2001-01-01","Bacardi","Alcohol",3204
"151","2001-01-01","Amazon","Technology",3130
"152","2001-01-01","Shell","Energy",2844
"153","2001-01-01","Smirnoff","Alcohol",2594
"154","2001-01-01","Moët & Chandon","Alcohol",2470
"155","2001-01-01","Burger King","Restaurants",2426
"156","2001-01-01","Mobil","Energy",2415
"157","2001-01-01","Heineken","Alcohol",2266
"158","2001-01-01","Wall Street Journal","Media",2184
"159","2001-01-01","Barbie","Toys & Games",2037
"160","2001-01-01","Ralph Lauren","Apparel",1910
"161","2001-01-01","FedEx","Logistics",1885
"162","2001-01-01","Nivea","FMCG",1782
"163","2001-01-01","Starbucks","Restaurants",1757
"164","2001-01-01","Johnnie Walker","Alcohol",1649
"165","2001-01-01","Jack Daniel's","Alcohol",1583
"166","2001-01-01","Armani","Luxury",1490
"167","2001-01-01","Pampers","FMCG",1410
"168","2001-01-01","Absolut","Alcohol",1378
"169","2001-01-01","Guinness","Alcohol",1357
"170","2001-01-01","Financial Times","Media",1310
"171","2001-01-01","Hilton","Hospitality",1235
"172","2001-01-01","Carlsberg","Alcohol",1075
"173","2001-01-01","Siemens","Diversified",1029
"174","2001-01-01","Swatch","FMCG",1004
"175","2001-01-01","Benetton","Apparel",1002
"176","2002-01-01","Coca-Cola","Beverages",69637
"177","2002-01-01","Microsoft","Technology",64091
"178","2002-01-01","IBM","Business Services",51188
"179","2002-01-01","GE","Diversified",41311
"180","2002-01-01","Intel","Technology",30861
"181","2002-01-01","Nokia","Technology",29970
"182","2002-01-01","Disney","Media",29256
"183","2002-01-01","McDonald's","Restaurants",26375
"184","2002-01-01","Marlboro","Tobacco",24151
"185","2002-01-01","Mercedes-Benz","Automotive",21010
"186","2002-01-01","Ford","Automotive",20403
"187","2002-01-01","Toyota","Automotive",19448
"188","2002-01-01","Citi","Financial Services",18066
"189","2002-01-01","HP","Electronics",16776
"190","2002-01-01","American Express","Financial Services",16287
"191","2002-01-01","Cisco","Business Services",16222
"192","2002-01-01","AT&T","Telecommunications",16059
"193","2002-01-01","Honda","Automotive",15064
"194","2002-01-01","Gillette","FMCG",14959
"195","2002-01-01","BMW","Automotive",14425
"196","2002-01-01","Sony","Electronics",13899
"197","2002-01-01","NESCAFÉ","Beverages",12843
"198","2002-01-01","Oracle","Business Services",11510
"199","2002-01-01","Budweiser","Alcohol",11349
"200","2002-01-01","Merrill Lynch","Financial Services",11230
"201","2002-01-01","Morgan Stanley","Financial Services",11205
"202","2002-01-01","Compaq","Technology",9803
"203","2002-01-01","Pfizer","Pharmaceuticals",9770
"204","2002-01-01","J.P. Morgan","Financial Services",9693
"205","2002-01-01","Kodak","Electronics",9671
"206","2002-01-01","Dell","Electronics",9237
"207","2002-01-01","Nintendo","Electronics",9219
"208","2002-01-01","Merck & Co., Inc.","Pharmaceuticals",9138
"209","2002-01-01","Samsung","Technology",8310
"210","2002-01-01","Nike","Sporting Goods",7724
"211","2002-01-01","Gap","Apparel",7406
"212","2002-01-01","Heinz","FMCG",7347
"213","2002-01-01","Volkswagen","Automotive",7209
"214","2002-01-01","Goldman Sachs","Financial Services",7194
"215","2002-01-01","Kellogg's","FMCG",7191
"216","2002-01-01","Louis Vuitton","Luxury",7054
"217","2002-01-01","SAP","Business Services",6775
"218","2002-01-01","Canon","Electronics",6721
"219","2002-01-01","IKEA","Retail",6545
"220","2002-01-01","Pepsi","Beverages",6394
"221","2002-01-01","Harley-Davidson","Automotive",6266
"222","2002-01-01","MTV","Media",6078
"223","2002-01-01","Pizza Hut","Restaurants",6046
"224","2002-01-01","KFC","Restaurants",5346
"225","2002-01-01","Apple","Technology",5316
"226","2002-01-01","Xerox","Business Services",5308
"227","2002-01-01","Gucci","Luxury",5304
"228","2002-01-01","Accenture","Business Services",5182
"229","2002-01-01","L'Oréal","FMCG",5079
"230","2002-01-01","Kleenex","FMCG",5039
"231","2002-01-01","Sun Microsystems","Business Services",4773
"232","2002-01-01","Wrigley","FMCG",4747
"233","2002-01-01","Reuters","Media",4611
"234","2002-01-01","Colgate","FMCG",4602
"235","2002-01-01","Philips","Electronics",4561
"236","2002-01-01","Nestlé","FMCG",4430
"237","2002-01-01","Avon","FMCG",4399
"238","2002-01-01","AOL","Media",4326
"239","2002-01-01","Chanel","Luxury",4272
"240","2002-01-01","Kraft","FMCG",4079
"241","2002-01-01","Danone","FMCG",4054
"242","2002-01-01","Yahoo!","Media",3855
"243","2002-01-01","adidas","Sporting Goods",3690
"244","2002-01-01","Rolex","Luxury",3686
"245","2002-01-01","Time","Media",3682
"246","2002-01-01","Ericsson","Electronics",3589
"247","2002-01-01","Tiffany & Co.","Luxury",3482
"248","2002-01-01","Levi's","Apparel",3454
"249","2002-01-01","Motorola","Electronics",3416
"250","2002-01-01","Duracell","FMCG",3409
"251","2002-01-01","BP","Energy",3390
"252","2002-01-01","Hertz","Automotive",3362
"253","2002-01-01","Bacardi","Alcohol",3341
"254","2002-01-01","Caterpillar","Diversified",3218
"255","2002-01-01","Amazon","Technology",3175
"256","2002-01-01","Panasonic","Electronics",3141
"257","2002-01-01","Boeing","Diversified",2973
"258","2002-01-01","Shell","Energy",2810
"259","2002-01-01","Smirnoff","Alcohol",2723
"260","2002-01-01","Johnson & Johnson","FMCG",2509
"261","2002-01-01","Prada","Luxury",2489
"262","2002-01-01","Moët & Chandon","Alcohol",2445
"263","2002-01-01","Heineken","Alcohol",2396
"264","2002-01-01","Mobil","Energy",2358
"265","2002-01-01","Burger King","Restaurants",2163
"266","2002-01-01","Nivea","FMCG",2059
"267","2002-01-01","Wall Street Journal","Media",1961
"268","2002-01-01","Starbucks","Restaurants",1961
"269","2002-01-01","Barbie","Toys & Games",1937
"270","2002-01-01","Ralph Lauren","Apparel",1928
"271","2002-01-01","FedEx","Logistics",1919
"272","2002-01-01","Johnnie Walker","Alcohol",1654
"273","2002-01-01","Jack Daniel's","Alcohol",1580
"274","2002-01-01","3M","Diversified",1579
"275","2002-01-01","Armani","Luxury",1509
"276","2003-01-01","Coca-Cola","Beverages",70453
"277","2003-01-01","Microsoft","Technology",65174
"278","2003-01-01","IBM","Business Services",51767
"279","2003-01-01","GE","Diversified",42340
"280","2003-01-01","Intel","Technology",31112
"281","2003-01-01","Nokia","Technology",29440
"282","2003-01-01","Disney","Media",28036
"283","2003-01-01","McDonald's","Restaurants",24699
"284","2003-01-01","Marlboro","Tobacco",22183
"285","2003-01-01","Mercedes-Benz","Automotive",21371
"286","2003-01-01","Toyota","Automotive",20784
"287","2003-01-01","HP","Electronics",19860
"288","2003-01-01","Citi","Financial Services",18571
"289","2003-01-01","Ford","Automotive",17066
"290","2003-01-01","American Express","Financial Services",16833
"291","2003-01-01","Gillette","FMCG",15978
"292","2003-01-01","Cisco","Business Services",15789
"293","2003-01-01","Honda","Automotive",15625
"294","2003-01-01","BMW","Automotive",15106
"295","2003-01-01","Sony","Electronics",13153
"296","2003-01-01","NESCAFÉ","Beverages",12336
"297","2003-01-01","Budweiser","Alcohol",11894
"298","2003-01-01","Pepsi","Beverages",11777
"299","2003-01-01","Oracle","Business Services",11263
"300","2003-01-01","Samsung","Technology",10846
"301","2003-01-01","Morgan Stanley","Financial Services",10691
"302","2003-01-01","Merrill Lynch","Financial Services",10521
"303","2003-01-01","Pfizer","Pharmaceuticals",10455
"304","2003-01-01","Dell","Electronics",10367
"305","2003-01-01","Merck & Co., Inc.","Pharmaceuticals",9407
"306","2003-01-01","J.P. Morgan","Financial Services",9120
"307","2003-01-01","Nintendo","Electronics",8190
"308","2003-01-01","Nike","Sporting Goods",8167
"309","2003-01-01","Kodak","Electronics",7826
"310","2003-01-01","SAP","Business Services",7714
"311","2003-01-01","Gap","Apparel",7688
"312","2003-01-01","HSBC","Financial Services",7565
"313","2003-01-01","Kellogg's","FMCG",7438
"314","2003-01-01","Canon","Electronics",7192
"315","2003-01-01","Heinz","FMCG",7097
"316","2003-01-01","Goldman Sachs","Financial Services",7039
"317","2003-01-01","Volkswagen","Automotive",6938
"318","2003-01-01","IKEA","Retail",6918
"319","2003-01-01","Harley-Davidson","Automotive",6775
"320","2003-01-01","Louis Vuitton","Luxury",6708
"321","2003-01-01","MTV","Media",6278
"322","2003-01-01","L'Oréal","FMCG",5600
"323","2003-01-01","Xerox","Business Services",5578
"324","2003-01-01","KFC","Restaurants",5576
"325","2003-01-01","Apple","Technology",5554
"326","2003-01-01","Pizza Hut","Restaurants",5312
"327","2003-01-01","Accenture","Business Services",5301
"328","2003-01-01","Gucci","Luxury",5100
"329","2003-01-01","Kleenex","FMCG",5057
"330","2003-01-01","Wrigley","FMCG",5057
"331","2003-01-01","Colgate","FMCG",4686
"332","2003-01-01","Avon","FMCG",4631
"333","2003-01-01","Sun Microsystems","Business Services",4465
"334","2003-01-01","Philips","Electronics",4464
"335","2003-01-01","Nestlé","FMCG",4460
"336","2003-01-01","Chanel","Luxury",4315
"337","2003-01-01","Danone","FMCG",4237
"338","2003-01-01","Kraft","FMCG",4171
"339","2003-01-01","AOL","Media",3961
"340","2003-01-01","Yahoo!","Media",3895
"341","2003-01-01","Time","Media",3784
"342","2003-01-01","adidas","Sporting Goods",3679
"343","2003-01-01","Rolex","Luxury",3673
"344","2003-01-01","BP","Energy",3582
"345","2003-01-01","Tiffany & Co.","Luxury",3540
"346","2003-01-01","Duracell","FMCG",3438
"347","2003-01-01","Bacardi","Alcohol",3431
"348","2003-01-01","Hermès","Luxury",3416
"349","2003-01-01","Amazon","Technology",3403
"350","2003-01-01","Caterpillar","Diversified",3363
"351","2003-01-01","Reuters","Media",3300
"352","2003-01-01","Levi's","Apparel",3298
"353","2003-01-01","Hertz","Automotive",3288
"354","2003-01-01","Panasonic","Electronics",3257
"355","2003-01-01","Ericsson","Electronics",3153
"356","2003-01-01","Motorola","Electronics",3103
"357","2003-01-01","Hennessy","Alcohol",2996
"358","2003-01-01","Shell","Energy",2983
"359","2003-01-01","Boeing","Diversified",2864
"360","2003-01-01","Smirnoff","Alcohol",2806
"361","2003-01-01","Johnson & Johnson","FMCG",2706
"362","2003-01-01","Prada","Luxury",2535
"363","2003-01-01","Moët & Chandon","Alcohol",2524
"364","2003-01-01","Nissan","Automotive",2495
"365","2003-01-01","Heineken","Alcohol",2431
"366","2003-01-01","Mobil","Energy",2407
"367","2003-01-01","Nivea","FMCG",2221
"368","2003-01-01","Starbucks","Restaurants",2136
"369","2003-01-01","Burger King","Restaurants",2121
"370","2003-01-01","Ralph Lauren","Apparel",2048
"371","2003-01-01","FedEx","Logistics",2032
"372","2003-01-01","Barbie","Toys & Games",1873
"373","2003-01-01","Wall Street Journal","Media",1763
"374","2003-01-01","Johnnie Walker","Alcohol",1724
"375","2003-01-01","Jack Daniel's","Alcohol",1612
"376","2004-01-01","Coca-Cola","Beverages",67394
"377","2004-01-01","Microsoft","Technology",61372
"378","2004-01-01","IBM","Business Services",53791
"379","2004-01-01","GE","Diversified",44111
"380","2004-01-01","Intel","Technology",33499
"381","2004-01-01","Disney","Media",27113
"382","2004-01-01","McDonald's","Restaurants",25001
"383","2004-01-01","Nokia","Technology",24041
"384","2004-01-01","Toyota","Automotive",22673
"385","2004-01-01","Marlboro","Tobacco",22128
"386","2004-01-01","Mercedes-Benz","Automotive",21331
"387","2004-01-01","HP","Electronics",20978
"388","2004-01-01","Citi","Financial Services",19971
"389","2004-01-01","American Express","Financial Services",17683
"390","2004-01-01","Gillette","FMCG",16723
"391","2004-01-01","Cisco","Business Services",15948
"392","2004-01-01","BMW","Automotive",15886
"393","2004-01-01","Honda","Automotive",14874
"394","2004-01-01","Ford","Automotive",14475
"395","2004-01-01","Sony","Electronics",12759
"396","2004-01-01","Samsung","Technology",12553
"397","2004-01-01","Pepsi","Beverages",12066
"398","2004-01-01","NESCAFÉ","Beverages",11892
"399","2004-01-01","Budweiser","Alcohol",11846
"400","2004-01-01","Dell","Electronics",11500
"401","2004-01-01","Merrill Lynch","Financial Services",11499
"402","2004-01-01","Morgan Stanley","Financial Services",11498
"403","2004-01-01","Oracle","Business Services",10935
"404","2004-01-01","Pfizer","Pharmaceuticals",10635
"405","2004-01-01","J.P. Morgan","Financial Services",9782
"406","2004-01-01","Nike","Sporting Goods",9260
"407","2004-01-01","Merck & Co., Inc.","Pharmaceuticals",8811
"408","2004-01-01","HSBC","Financial Services",8671
"409","2004-01-01","SAP","Business Services",8323
"410","2004-01-01","Canon","Electronics",8055
"411","2004-01-01","Kellogg's","FMCG",8029
"412","2004-01-01","Goldman Sachs","Financial Services",7954
"413","2004-01-01","Gap","Apparel",7873
"414","2004-01-01","Siemens","Diversified",7470
"415","2004-01-01","IKEA","Retail",7182
"416","2004-01-01","Harley-Davidson","Automotive",7057
"417","2004-01-01","Heinz","FMCG",7026
"418","2004-01-01","Apple","Technology",6871
"419","2004-01-01","Louis Vuitton","Luxury",6602
"420","2004-01-01","UBS","Financial Services",6526
"421","2004-01-01","Nintendo","Electronics",6479
"422","2004-01-01","MTV","Media",6456
"423","2004-01-01","Volkswagen","Automotive",6410
"424","2004-01-01","L'Oréal","FMCG",5902
"425","2004-01-01","Accenture","Business Services",5772
"426","2004-01-01","Xerox","Business Services",5696
"427","2004-01-01","Wrigley","FMCG",5424
"428","2004-01-01","Kodak","Electronics",5231
"429","2004-01-01","KFC","Restaurants",5118
"430","2004-01-01","Pizza Hut","Restaurants",5050
"431","2004-01-01","Colgate","FMCG",4929
"432","2004-01-01","Kleenex","FMCG",4881
"433","2004-01-01","Avon","FMCG",4849
"434","2004-01-01","Gucci","Luxury",4715
"435","2004-01-01","eBay","Retail",4700
"436","2004-01-01","Yahoo!","Media",4545
"437","2004-01-01","Nestlé","FMCG",4529
"438","2004-01-01","Danone","FMCG",4488
"439","2004-01-01","Chanel","Luxury",4416
"440","2004-01-01","Philips","Electronics",4378
"441","2004-01-01","Amazon","Technology",4156
"442","2004-01-01","Kraft","FMCG",4112
"443","2004-01-01","Caterpillar","Diversified",3801
"444","2004-01-01","adidas","Sporting Goods",3740
"445","2004-01-01","Rolex","Luxury",3720
"446","2004-01-01","Reuters","Media",3691
"447","2004-01-01","BP","Energy",3662
"448","2004-01-01","Time","Media",3651
"449","2004-01-01","Porsche","Automotive",3646
"450","2004-01-01","Tiffany & Co.","Luxury",3638
"451","2004-01-01","Motorola","Electronics",3483
"452","2004-01-01","Panasonic","Electronics",3480
"453","2004-01-01","Hertz","Automotive",3411
"454","2004-01-01","Hermès","Luxury",3376
"455","2004-01-01","Duracell","FMCG",3362
"456","2004-01-01","Audi","Automotive",3288
"457","2004-01-01","AOL","Media",3248
"458","2004-01-01","Hennessy","Alcohol",3084
"459","2004-01-01","Shell","Energy",2985
"460","2004-01-01","Levi's","Apparel",2979
"461","2004-01-01","Smirnoff","Alcohol",2975
"462","2004-01-01","Johnson & Johnson","FMCG",2952
"463","2004-01-01","ING","Financial Services",2864
"464","2004-01-01","Moët & Chandon","Alcohol",2861
"465","2004-01-01","Nissan","Automotive",2833
"466","2004-01-01","Cartier","Luxury",2749
"467","2004-01-01","Estee Lauder","FMCG",2634
"468","2004-01-01","Armani","Luxury",2613
"469","2004-01-01","Boeing","Diversified",2576
"470","2004-01-01","Prada","Luxury",2568
"471","2004-01-01","Mobil","Energy",2492
"472","2004-01-01","Nivea","FMCG",2409
"473","2004-01-01","Starbucks","Restaurants",2400
"474","2004-01-01","Heineken","Alcohol",2380
"475","2004-01-01","Ralph Lauren","Apparel",2147
"476","2005-01-01","Coca-Cola","Beverages",67525
"477","2005-01-01","Microsoft","Technology",59941
"478","2005-01-01","IBM","Business Services",53376
"479","2005-01-01","GE","Diversified",46996
"480","2005-01-01","Intel","Technology",35588
"481","2005-01-01","Nokia","Technology",26452
"482","2005-01-01","Disney","Media",26441
"483","2005-01-01","McDonald's","Restaurants",26014
"484","2005-01-01","Toyota","Automotive",24837
"485","2005-01-01","Marlboro","Tobacco",21189
"486","2005-01-01","Mercedes-Benz","Automotive",20006
"487","2005-01-01","Citi","Financial Services",19967
"488","2005-01-01","HP","Electronics",18866
"489","2005-01-01","American Express","Financial Services",18559
"490","2005-01-01","Gillette","FMCG",17534
"491","2005-01-01","BMW","Automotive",17126
"492","2005-01-01","Cisco","Business Services",16592
"493","2005-01-01","Louis Vuitton","Luxury",16077
"494","2005-01-01","Honda","Automotive",15788
"495","2005-01-01","Samsung","Technology",14956
"496","2005-01-01","Dell","Electronics",13231
"497","2005-01-01","Ford","Automotive",13159
"498","2005-01-01","Pepsi","Beverages",12399
"499","2005-01-01","NESCAFÉ","Beverages",12241
"500","2005-01-01","Merrill Lynch","Financial Services",12018
"501","2005-01-01","Budweiser","Alcohol",11878
"502","2005-01-01","Oracle","Business Services",10887
"503","2005-01-01","Sony","Electronics",10754
"504","2005-01-01","HSBC","Financial Services",10429
"505","2005-01-01","Nike","Sporting Goods",10114
"506","2005-01-01","Pfizer","Pharmaceuticals",9981
"507","2005-01-01","UPS","Logistics",9923
"508","2005-01-01","Morgan Stanley","Financial Services",9777
"509","2005-01-01","J.P. Morgan","Financial Services",9455
"510","2005-01-01","Canon","Electronics",9044
"511","2005-01-01","SAP","Business Services",9006
"512","2005-01-01","Goldman Sachs","Financial Services",8495
"513","2005-01-01","Google","Technology",8461
"514","2005-01-01","Kellogg's","FMCG",8306
"515","2005-01-01","Gap","Apparel",8195
"516","2005-01-01","Apple","Technology",7985
"517","2005-01-01","IKEA","Retail",7817
"518","2005-01-01","Novartis","Pharmaceuticals",7746
"519","2005-01-01","UBS","Financial Services",7565
"520","2005-01-01","Siemens","Diversified",7507
"521","2005-01-01","Harley-Davidson","Automotive",7346
"522","2005-01-01","Heinz","FMCG",6932
"523","2005-01-01","MTV","Media",6647
"524","2005-01-01","Gucci","Luxury",6619
"525","2005-01-01","Nintendo","Electronics",6470
"526","2005-01-01","Accenture","Business Services",6142
"527","2005-01-01","L'Oréal","FMCG",6005
"528","2005-01-01","Philips","Electronics",5901
"529","2005-01-01","Xerox","Business Services",5705
"530","2005-01-01","eBay","Retail",5701
"531","2005-01-01","Volkswagen","Automotive",5617
"532","2005-01-01","Wrigley","FMCG",5543
"533","2005-01-01","Yahoo!","Media",5256
"534","2005-01-01","Avon","FMCG",5213
"535","2005-01-01","Colgate","FMCG",5186
"536","2005-01-01","KFC","Restaurants",5112
"537","2005-01-01","Kodak","Electronics",4979
"538","2005-01-01","Pizza Hut","Restaurants",4963
"539","2005-01-01","Kleenex","FMCG",4922
"540","2005-01-01","Chanel","Luxury",4778
"541","2005-01-01","Nestlé","FMCG",4744
"542","2005-01-01","Danone","FMCG",4513
"543","2005-01-01","Amazon","Technology",4248
"544","2005-01-01","Kraft","FMCG",4238
"545","2005-01-01","Caterpillar","Diversified",4085
"546","2005-01-01","adidas","Sporting Goods",4033
"547","2005-01-01","Rolex","Luxury",3906
"548","2005-01-01","Motorola","Electronics",3877
"549","2005-01-01","Reuters","Media",3866
"550","2005-01-01","BP","Energy",3802
"551","2005-01-01","Porsche","Automotive",3777
"552","2005-01-01","Zara","Apparel",3730
"553","2005-01-01","Panasonic","Electronics",3714
"554","2005-01-01","Audi","Automotive",3686
"555","2005-01-01","Duracell","FMCG",3679
"556","2005-01-01","Tiffany & Co.","Luxury",3618
"557","2005-01-01","Hermès","Luxury",3540
"558","2005-01-01","Hertz","Automotive",3521
"559","2005-01-01","Hyundai","Automotive",3480
"560","2005-01-01","Nissan","Automotive",3203
"561","2005-01-01","Hennessy","Alcohol",3201
"562","2005-01-01","ING","Financial Services",3177
"563","2005-01-01","Smirnoff","Alcohol",3097
"564","2005-01-01","Cartier","Luxury",3050
"565","2005-01-01","Shell","Energy",3048
"566","2005-01-01","Johnson & Johnson","FMCG",3040
"567","2005-01-01","Moët & Chandon","Alcohol",2991
"568","2005-01-01","Prada","Luxury",2760
"569","2005-01-01","Bulgari","Luxury",2715
"570","2005-01-01","Armani","Luxury",2677
"571","2005-01-01","Levi's","Apparel",2655
"572","2005-01-01","LG","Electronics",2645
"573","2005-01-01","Nivea","FMCG",2576
"574","2005-01-01","Starbucks","Restaurants",2576
"575","2005-01-01","Heineken","Alcohol",2357
"576","2006-01-01","Coca-Cola","Beverages",67000
"577","2006-01-01","Microsoft","Technology",56926
"578","2006-01-01","IBM","Business Services",56201
"579","2006-01-01","GE","Diversified",48907
"580","2006-01-01","Intel","Technology",32319
"581","2006-01-01","Nokia","Technology",30131
"582","2006-01-01","Toyota","Automotive",27941
"583","2006-01-01","Disney","Media",27848
"584","2006-01-01","McDonald's","Restaurants",27501
"585","2006-01-01","Mercedes-Benz","Automotive",21795
"586","2006-01-01","Citi","Financial Services",21458
"587","2006-01-01","Marlboro","Tobacco",21350
"588","2006-01-01","HP","Electronics",20458
"589","2006-01-01","American Express","Financial Services",19641
"590","2006-01-01","BMW","Automotive",19617
"591","2006-01-01","Gillette","FMCG",19579
"592","2006-01-01","Louis Vuitton","Luxury",17606
"593","2006-01-01","Cisco","Business Services",17532
"594","2006-01-01","Honda","Automotive",17049
"595","2006-01-01","Samsung","Technology",16169
"596","2006-01-01","Merrill Lynch","Financial Services",13001
"597","2006-01-01","Pepsi","Beverages",12690
"598","2006-01-01","NESCAFÉ","Beverages",12507
"599","2006-01-01","Google","Technology",12376
"600","2006-01-01","Dell","Electronics",12256
"601","2006-01-01","Sony","Electronics",11695
"602","2006-01-01","Budweiser","Alcohol",11662
"603","2006-01-01","HSBC","Financial Services",11622
"604","2006-01-01","Oracle","Business Services",11459
"605","2006-01-01","Ford","Automotive",11056
"606","2006-01-01","Nike","Sporting Goods",10897
"607","2006-01-01","UPS","Logistics",10712
"608","2006-01-01","J.P. Morgan","Financial Services",10205
"609","2006-01-01","SAP","Business Services",10007
"610","2006-01-01","Canon","Electronics",9968
"611","2006-01-01","Morgan Stanley","Financial Services",9762
"612","2006-01-01","Goldman Sachs","Financial Services",9640
"613","2006-01-01","Pfizer","Pharmaceuticals",9591
"614","2006-01-01","Apple","Technology",9130
"615","2006-01-01","Kellogg's","FMCG",8776
"616","2006-01-01","IKEA","Retail",8763
"617","2006-01-01","UBS","Financial Services",8734
"618","2006-01-01","Novartis","Pharmaceuticals",7880
"619","2006-01-01","Siemens","Diversified",7828
"620","2006-01-01","Harley-Davidson","Automotive",7739
"621","2006-01-01","Gucci","Luxury",7158
"622","2006-01-01","eBay","Retail",6755
"623","2006-01-01","Philips","Electronics",6730
"624","2006-01-01","Accenture","Business Services",6728
"625","2006-01-01","MTV","Media",6627
"626","2006-01-01","Nintendo","Electronics",6559
"627","2006-01-01","Gap","Apparel",6416
"628","2006-01-01","L'Oréal","FMCG",6392
"629","2006-01-01","Heinz","FMCG",6223
"630","2006-01-01","Yahoo!","Media",6056
"631","2006-01-01","Volkswagen","Automotive",6032
"632","2006-01-01","Xerox","Business Services",5918
"633","2006-01-01","Colgate","FMCG",5633
"634","2006-01-01","Wrigley","FMCG",5449
"635","2006-01-01","KFC","Restaurants",5350
"636","2006-01-01","Chanel","Luxury",5156
"637","2006-01-01","Avon","FMCG",5040
"638","2006-01-01","Nestlé","FMCG",4932
"639","2006-01-01","Kleenex","FMCG",4842
"640","2006-01-01","Amazon","Technology",4707
"641","2006-01-01","Pizza Hut","Restaurants",4694
"642","2006-01-01","Danone","FMCG",4638
"643","2006-01-01","Caterpillar","Diversified",4580
"644","2006-01-01","Motorola","Electronics",4569
"645","2006-01-01","Kodak","Electronics",4406
"646","2006-01-01","adidas","Sporting Goods",4290
"647","2006-01-01","Rolex","Luxury",4237
"648","2006-01-01","Zara","Apparel",4235
"649","2006-01-01","Audi","Automotive",4165
"650","2006-01-01","Hyundai","Automotive",4078
"651","2006-01-01","BP","Energy",4010
"652","2006-01-01","Panasonic","Electronics",3977
"653","2006-01-01","Reuters","Media",3961
"654","2006-01-01","Kraft","FMCG",3943
"655","2006-01-01","Porsche","Automotive",3927
"656","2006-01-01","Hermès","Luxury",3854
"657","2006-01-01","Tiffany & Co.","Luxury",3819
"658","2006-01-01","Hennessy","Alcohol",3576
"659","2006-01-01","Duracell","FMCG",3576
"660","2006-01-01","ING","Financial Services",3474
"661","2006-01-01","Cartier","Luxury",3360
"662","2006-01-01","Moët & Chandon","Alcohol",3257
"663","2006-01-01","Johnson & Johnson","FMCG",3193
"664","2006-01-01","Shell","Energy",3173
"665","2006-01-01","Nissan","Automotive",3108
"666","2006-01-01","Starbucks","Restaurants",3099
"667","2006-01-01","Lexus","Automotive",3070
"668","2006-01-01","Smirnoff","Alcohol",3032
"669","2006-01-01","LG","Electronics",3010
"670","2006-01-01","Bulgari","Luxury",2875
"671","2006-01-01","Prada","Luxury",2874
"672","2006-01-01","Armani","Luxury",2783
"673","2006-01-01","Burberry","Luxury",2783
"674","2006-01-01","Nivea","FMCG",2692
"675","2006-01-01","Levi's","Apparel",2689
"676","2007-01-01","Coca-Cola","Beverages",65324
"677","2007-01-01","Microsoft","Technology",58709
"678","2007-01-01","IBM","Business Services",57090
"679","2007-01-01","GE","Diversified",51569
"680","2007-01-01","Nokia","Technology",33696
"681","2007-01-01","Toyota","Automotive",32070
"682","2007-01-01","Intel","Technology",30954
"683","2007-01-01","McDonald's","Restaurants",29398
"684","2007-01-01","Disney","Media",29210
"685","2007-01-01","Mercedes-Benz","Automotive",23568
"686","2007-01-01","Citi","Financial Services",23442
"687","2007-01-01","HP","Electronics",22197
"688","2007-01-01","BMW","Automotive",21612
"689","2007-01-01","Marlboro","Tobacco",21282
"690","2007-01-01","American Express","Financial Services",20827
"691","2007-01-01","Gillette","FMCG",20415
"692","2007-01-01","Louis Vuitton","Luxury",20321
"693","2007-01-01","Cisco","Business Services",19099
"694","2007-01-01","Honda","Automotive",17998
"695","2007-01-01","Google","Technology",17837
"696","2007-01-01","Samsung","Technology",16853
"697","2007-01-01","Merrill Lynch","Financial Services",14343
"698","2007-01-01","HSBC","Financial Services",13563
"699","2007-01-01","NESCAFÉ","Beverages",12950
"700","2007-01-01","Sony","Electronics",12907
"701","2007-01-01","Pepsi","Beverages",12888
"702","2007-01-01","Oracle","Business Services",12448
"703","2007-01-01","UPS","Logistics",12013
"704","2007-01-01","Nike","Sporting Goods",12003
"705","2007-01-01","Budweiser","Alcohol",11652
"706","2007-01-01","Dell","Electronics",11554
"707","2007-01-01","J.P. Morgan","Financial Services",11433
"708","2007-01-01","Apple","Technology",11037
"709","2007-01-01","SAP","Business Services",10850
"710","2007-01-01","Goldman Sachs","Financial Services",10663
"711","2007-01-01","Canon","Electronics",10581
"712","2007-01-01","Morgan Stanley","Financial Services",10340
"713","2007-01-01","IKEA","Retail",10087
"714","2007-01-01","UBS","Financial Services",9838
"715","2007-01-01","Kellogg's","FMCG",9341
"716","2007-01-01","Ford","Automotive",8982
"717","2007-01-01","Philips","Electronics",7741
"718","2007-01-01","Siemens","Diversified",7737
"719","2007-01-01","Nintendo","Electronics",7730
"720","2007-01-01","Harley-Davidson","Automotive",7718
"721","2007-01-01","Gucci","Luxury",7697
"722","2007-01-01","AIG","Financial Services",7490
"723","2007-01-01","eBay","Retail",7456
"724","2007-01-01","AXA","Financial Services",7327
"725","2007-01-01","Accenture","Business Services",7296
"726","2007-01-01","L'Oréal","FMCG",7045
"727","2007-01-01","MTV","Media",6907
"728","2007-01-01","Heinz","FMCG",6544
"729","2007-01-01","Volkswagen","Automotive",6511
"730","2007-01-01","Yahoo!","Media",6067
"731","2007-01-01","Xerox","Business Services",6050
"732","2007-01-01","Colgate","FMCG",6025
"733","2007-01-01","Chanel","Luxury",5830
"734","2007-01-01","Wrigley","FMCG",5777
"735","2007-01-01","KFC","Restaurants",5682
"736","2007-01-01","Gap","Apparel",5481
"737","2007-01-01","Amazon","Technology",5411
"738","2007-01-01","Nestlé","FMCG",5314
"739","2007-01-01","Zara","Apparel",5165
"740","2007-01-01","Avon","FMCG",5103
"741","2007-01-01","Caterpillar","Diversified",5059
"742","2007-01-01","Danone","FMCG",5019
"743","2007-01-01","Audi","Automotive",4866
"744","2007-01-01","adidas","Sporting Goods",4767
"745","2007-01-01","Kleenex","FMCG",4600
"746","2007-01-01","Rolex","Luxury",4589
"747","2007-01-01","Hyundai","Automotive",4453
"748","2007-01-01","Hermès","Luxury",4255
"749","2007-01-01","Pizza Hut","Restaurants",4254
"750","2007-01-01","Porsche","Automotive",4235
"751","2007-01-01","Reuters","Media",4197
"752","2007-01-01","Motorola","Electronics",4149
"753","2007-01-01","Panasonic","Electronics",4135
"754","2007-01-01","Tiffany & Co.","Luxury",4003
"755","2007-01-01","Allianz","Financial Services",3957
"756","2007-01-01","ING","Financial Services",3880
"757","2007-01-01","Kodak","Electronics",3874
"758","2007-01-01","Cartier","Luxury",3852
"759","2007-01-01","BP","Energy",3794
"760","2007-01-01","Moët & Chandon","Alcohol",3739
"761","2007-01-01","Kraft","FMCG",3732
"762","2007-01-01","Hennessy","Alcohol",3638
"763","2007-01-01","Starbucks","Restaurants",3631
"764","2007-01-01","Duracell","FMCG",3605
"765","2007-01-01","Johnson & Johnson","FMCG",3445
"766","2007-01-01","Smirnoff","Alcohol",3379
"767","2007-01-01","Lexus","Automotive",3354
"768","2007-01-01","Shell","Energy",3331
"769","2007-01-01","Prada","Luxury",3286
"770","2007-01-01","Burberry","Luxury",3221
"771","2007-01-01","Nivea","FMCG",3116
"772","2007-01-01","LG","Electronics",3100
"773","2007-01-01","Nissan","Automotive",3072
"774","2007-01-01","Ralph Lauren","Apparel",3046
"775","2007-01-01","Hertz","Automotive",3026
"776","2008-01-01","Coca-Cola","Beverages",66667
"777","2008-01-01","IBM","Business Services",59031
"778","2008-01-01","Microsoft","Technology",59007
"779","2008-01-01","GE","Diversified",53086
"780","2008-01-01","Nokia","Technology",35942
"781","2008-01-01","Toyota","Automotive",34050
"782","2008-01-01","Intel","Technology",31261
"783","2008-01-01","McDonald's","Restaurants",31049
"784","2008-01-01","Disney","Media",29251
"785","2008-01-01","Google","Technology",25590
"786","2008-01-01","Mercedes-Benz","Automotive",25577
"787","2008-01-01","HP","Electronics",23509
"788","2008-01-01","BMW","Automotive",23298
"789","2008-01-01","Gillette","FMCG",22689
"790","2008-01-01","American Express","Financial Services",21940
"791","2008-01-01","Louis Vuitton","Luxury",21602
"792","2008-01-01","Cisco","Business Services",21306
"793","2008-01-01","Marlboro","Tobacco",21300
"794","2008-01-01","Citi","Financial Services",20174
"795","2008-01-01","Honda","Automotive",19079
"796","2008-01-01","Samsung","Technology",17689
"797","2008-01-01","H&M","Apparel",13840
"798","2008-01-01","Oracle","Business Services",13831
"799","2008-01-01","Apple","Technology",13724
"800","2008-01-01","Sony","Electronics",13583
"801","2008-01-01","Pepsi","Beverages",13249
"802","2008-01-01","HSBC","Financial Services",13143
"803","2008-01-01","NESCAFÉ","Beverages",13056
"804","2008-01-01","Nike","Sporting Goods",12672
"805","2008-01-01","UPS","Logistics",12621
"806","2008-01-01","SAP","Business Services",12228
"807","2008-01-01","Dell","Electronics",11695
"808","2008-01-01","Budweiser","Alcohol",11438
"809","2008-01-01","Merrill Lynch","Financial Services",11399
"810","2008-01-01","IKEA","Retail",10913
"811","2008-01-01","Canon","Electronics",10876
"812","2008-01-01","J.P. Morgan","Financial Services",10773
"813","2008-01-01","Goldman Sachs","Financial Services",10331
"814","2008-01-01","Kellogg's","FMCG",9710
"815","2008-01-01","Nintendo","Electronics",8772
"816","2008-01-01","UBS","Financial Services",8740
"817","2008-01-01","Morgan Stanley","Financial Services",8696
"818","2008-01-01","Philips","Electronics",8325
"819","2008-01-01","Thomson Reuters","Media",8313
"820","2008-01-01","Gucci","Luxury",8254
"821","2008-01-01","eBay","Retail",7991
"822","2008-01-01","Accenture","Business Services",7948
"823","2008-01-01","Siemens","Diversified",7943
"824","2008-01-01","Ford","Automotive",7896
"825","2008-01-01","Harley-Davidson","Automotive",7609
"826","2008-01-01","L'Oréal","FMCG",7508
"827","2008-01-01","MTV","Media",7193
"828","2008-01-01","Volkswagen","Automotive",7047
"829","2008-01-01","AIG","Financial Services",7022
"830","2008-01-01","AXA","Financial Services",7001
"831","2008-01-01","Heinz","FMCG",6646
"832","2008-01-01","Colgate","FMCG",6437
"833","2008-01-01","Amazon","Technology",6434
"834","2008-01-01","Xerox","Business Services",6393
"835","2008-01-01","Chanel","Luxury",6355
"836","2008-01-01","Wrigley","FMCG",6105
"837","2008-01-01","Zara","Apparel",5955
"838","2008-01-01","Nestlé","FMCG",5592
"839","2008-01-01","KFC","Restaurants",5582
"840","2008-01-01","Yahoo!","Media",5496
"841","2008-01-01","Danone","FMCG",5408
"842","2008-01-01","Audi","Automotive",5407
"843","2008-01-01","Caterpillar","Diversified",5288
"844","2008-01-01","Avon","FMCG",5264
"845","2008-01-01","adidas","Sporting Goods",5072
"846","2008-01-01","Rolex","Luxury",4956
"847","2008-01-01","Hyundai","Automotive",4846
"848","2008-01-01","BlackBerry","Electronics",4802
"849","2008-01-01","Kleenex","FMCG",4636
"850","2008-01-01","Porsche","Automotive",4603
"851","2008-01-01","Hermès","Luxury",4575
"852","2008-01-01","Gap","Apparel",4357
"853","2008-01-01","Panasonic","Electronics",4281
"854","2008-01-01","Cartier","Luxury",4236
"855","2008-01-01","Tiffany & Co.","Luxury",4208
"856","2008-01-01","Pizza Hut","Restaurants",4097
"857","2008-01-01","Allianz","Financial Services",4033
"858","2008-01-01","Moët & Chandon","Alcohol",3951
"859","2008-01-01","BP","Energy",3911
"860","2008-01-01","Starbucks","Restaurants",3879
"861","2008-01-01","ING","Financial Services",3768
"862","2008-01-01","Motorola","Electronics",3721
"863","2008-01-01","Duracell","FMCG",3682
"864","2008-01-01","Smirnoff","Alcohol",3590
"865","2008-01-01","Lexus","Automotive",3588
"866","2008-01-01","Prada","Luxury",3585
"867","2008-01-01","Johnson & Johnson","FMCG",3582
"868","2008-01-01","Ferrari","Automotive",3527
"869","2008-01-01","Armani","Luxury",3526
"870","2008-01-01","Hennessy","Alcohol",3513
"871","2008-01-01","Marriott","Hospitality",3502
"872","2008-01-01","Shell","Energy",3471
"873","2008-01-01","Nivea","FMCG",3401
"874","2008-01-01","FedEx","Logistics",3359
"875","2008-01-01","Visa","Financial Services",3338
"876","2009-01-01","Coca-Cola","Beverages",68734
"877","2009-01-01","IBM","Business Services",60211
"878","2009-01-01","Microsoft","Technology",56647
"879","2009-01-01","GE","Diversified",47777
"880","2009-01-01","Nokia","Technology",34864
"881","2009-01-01","McDonald's","Restaurants",32275
"882","2009-01-01","Google","Technology",31980
"883","2009-01-01","Toyota","Automotive",31330
"884","2009-01-01","Intel","Technology",30636
"885","2009-01-01","Disney","Media",28447
"886","2009-01-01","HP","Electronics",24096
"887","2009-01-01","Mercedes-Benz","Automotive",23867
"888","2009-01-01","Gillette","FMCG",22841
"889","2009-01-01","Cisco","Business Services",22030
"890","2009-01-01","BMW","Automotive",21671
"891","2009-01-01","Louis Vuitton","Luxury",21120
"892","2009-01-01","Marlboro","Tobacco",19010
"893","2009-01-01","Honda","Automotive",17803
"894","2009-01-01","Samsung","Technology",17518
"895","2009-01-01","Apple","Technology",15433
"896","2009-01-01","H&M","Apparel",15375
"897","2009-01-01","American Express","Financial Services",14971
"898","2009-01-01","Pepsi","Beverages",13706
"899","2009-01-01","Oracle","Business Services",13699
"900","2009-01-01","NESCAFÉ","Beverages",13317
"901","2009-01-01","Nike","Sporting Goods",13179
"902","2009-01-01","SAP","Business Services",12106
"903","2009-01-01","IKEA","Retail",12004
"904","2009-01-01","Sony","Electronics",11953
"905","2009-01-01","Budweiser","Alcohol",11833
"906","2009-01-01","UPS","Logistics",11594
"907","2009-01-01","HSBC","Financial Services",10510
"908","2009-01-01","Canon","Electronics",10441
"909","2009-01-01","Kellogg's","FMCG",10428
"910","2009-01-01","Dell","Electronics",10291
"911","2009-01-01","Citi","Financial Services",10254
"912","2009-01-01","J.P. Morgan","Financial Services",9550
"913","2009-01-01","Goldman Sachs","Financial Services",9248
"914","2009-01-01","Nintendo","Electronics",9210
"915","2009-01-01","Thomson Reuters","Media",8434
"916","2009-01-01","Gucci","Luxury",8182
"917","2009-01-01","Philips","Electronics",8121
"918","2009-01-01","Amazon","Technology",7858
"919","2009-01-01","L'Oréal","FMCG",7748
"920","2009-01-01","Accenture","Business Services",7710
"921","2009-01-01","eBay","Retail",7350
"922","2009-01-01","Siemens","Diversified",7308
"923","2009-01-01","Heinz","FMCG",7244
"924","2009-01-01","Ford","Automotive",7005
"925","2009-01-01","Zara","Apparel",6789
"926","2009-01-01","Wrigley","FMCG",6731
"927","2009-01-01","Colgate","FMCG",6550
"928","2009-01-01","AXA","Financial Services",6525
"929","2009-01-01","MTV","Media",6523
"930","2009-01-01","Volkswagen","Automotive",6484
"931","2009-01-01","Xerox","Business Services",6431
"932","2009-01-01","Morgan Stanley","Financial Services",6399
"933","2009-01-01","Nestlé","FMCG",6319
"934","2009-01-01","Chanel","Luxury",6040
"935","2009-01-01","Danone","FMCG",5960
"936","2009-01-01","KFC","Restaurants",5722
"937","2009-01-01","adidas","Sporting Goods",5397
"938","2009-01-01","BlackBerry","Electronics",5138
"939","2009-01-01","Yahoo!","Media",5111
"940","2009-01-01","Audi","Automotive",5010
"941","2009-01-01","Caterpillar","Diversified",5004
"942","2009-01-01","Avon","FMCG",4917
"943","2009-01-01","Rolex","Luxury",4609
"944","2009-01-01","Hyundai","Automotive",4604
"945","2009-01-01","Hermès","Luxury",4598
"946","2009-01-01","Kleenex","FMCG",4404
"947","2009-01-01","UBS","Financial Services",4370
"948","2009-01-01","Harley-Davidson","Automotive",4337
"949","2009-01-01","Porsche","Automotive",4234
"950","2009-01-01","Panasonic","Electronics",4225
"951","2009-01-01","Tiffany & Co.","Luxury",4000
"952","2009-01-01","Cartier","Luxury",3968
"953","2009-01-01","Gap","Apparel",3922
"954","2009-01-01","Pizza Hut","Restaurants",3876
"955","2009-01-01","Johnson & Johnson","FMCG",3847
"956","2009-01-01","Allianz","Financial Services",3831
"957","2009-01-01","Moët & Chandon","Alcohol",3754
"958","2009-01-01","BP","Energy",3716
"959","2009-01-01","Smirnoff","Alcohol",3698
"960","2009-01-01","Duracell","FMCG",3563
"961","2009-01-01","Nivea","FMCG",3557
"962","2009-01-01","Prada","Luxury",3530
"963","2009-01-01","Ferrari","Automotive",3527
"964","2009-01-01","Armani","Luxury",3303
"965","2009-01-01","Starbucks","Restaurants",3263
"966","2009-01-01","Lancôme","FMCG",3235
"967","2009-01-01","Shell","Energy",3228
"968","2009-01-01","Burger King","Restaurants",3223
"969","2009-01-01","Visa","Financial Services",3170
"970","2009-01-01","Adobe","Business Services",3161
"971","2009-01-01","Lexus","Automotive",3158
"972","2009-01-01","Puma","Sporting Goods",3154
"973","2009-01-01","Burberry","Luxury",3095
"974","2009-01-01","Ralph Lauren","Apparel",3094
"975","2009-01-01","Campbell's","FMCG",3081
"976","2010-01-01","Coca-Cola","Beverages",70452
"977","2010-01-01","IBM","Business Services",64727
"978","2010-01-01","Microsoft","Technology",60895
"979","2010-01-01","Google","Technology",43557
"980","2010-01-01","GE","Diversified",42808
"981","2010-01-01","McDonald's","Restaurants",33578
"982","2010-01-01","Intel","Technology",32015
"983","2010-01-01","Nokia","Technology",29495
"984","2010-01-01","Disney","Media",28731
"985","2010-01-01","HP","Electronics",26867
"986","2010-01-01","Toyota","Automotive",26192
"987","2010-01-01","Mercedes-Benz","Automotive",25179
"988","2010-01-01","Gillette","FMCG",23298
"989","2010-01-01","Cisco","Business Services",23219
"990","2010-01-01","BMW","Automotive",22322
"991","2010-01-01","Louis Vuitton","Luxury",21860
"992","2010-01-01","Apple","Technology",21143
"993","2010-01-01","Marlboro","Tobacco",19961
"994","2010-01-01","Samsung","Technology",19491
"995","2010-01-01","Honda","Automotive",18506
"996","2010-01-01","H&M","Apparel",16136
"997","2010-01-01","Oracle","Business Services",14881
"998","2010-01-01","Pepsi","Beverages",14061
"999","2010-01-01","American Express","Financial Services",13944
"1000","2010-01-01","Nike","Sporting Goods",13706
"1001","2010-01-01","SAP","Business Services",12756
"1002","2010-01-01","NESCAFÉ","Beverages",12753
"1003","2010-01-01","IKEA","Retail",12487
"1004","2010-01-01","J.P. Morgan","Financial Services",12314
"1005","2010-01-01","Budweiser","Alcohol",12252
"1006","2010-01-01","UPS","Logistics",11826
"1007","2010-01-01","HSBC","Financial Services",11561
"1008","2010-01-01","Canon","Electronics",11485
"1009","2010-01-01","Sony","Electronics",11356
"1010","2010-01-01","Kellogg's","FMCG",11041
"1011","2010-01-01","Amazon","Technology",9665
"1012","2010-01-01","Goldman Sachs","Financial Services",9372
"1013","2010-01-01","Nintendo","Electronics",8990
"1014","2010-01-01","Thomson Reuters","Media",8976
"1015","2010-01-01","Citi","Financial Services",8887
"1016","2010-01-01","Dell","Electronics",8880
"1017","2010-01-01","Philips","Electronics",8696
"1018","2010-01-01","eBay","Retail",8453
"1019","2010-01-01","Gucci","Luxury",8346
"1020","2010-01-01","L'Oréal","FMCG",7981
"1021","2010-01-01","Heinz","FMCG",7534
"1022","2010-01-01","Accenture","Business Services",7481
"1023","2010-01-01","Zara","Apparel",7468
"1024","2010-01-01","Siemens","Diversified",7315
"1025","2010-01-01","Ford","Automotive",7195
"1026","2010-01-01","Colgate","FMCG",6919
"1027","2010-01-01","Morgan Stanley","Financial Services",6911
"1028","2010-01-01","Volkswagen","Automotive",6892
"1029","2010-01-01","BlackBerry","Electronics",6762
"1030","2010-01-01","MTV","Media",6719
"1031","2010-01-01","AXA","Financial Services",6694
"1032","2010-01-01","Nestlé","FMCG",6548
"1033","2010-01-01","Danone","FMCG",6363
"1034","2010-01-01","Xerox","Business Services",6109
"1035","2010-01-01","KFC","Restaurants",5844
"1036","2010-01-01","Sprite","Beverages",5777
"1037","2010-01-01","adidas","Sporting Goods",5495
"1038","2010-01-01","Audi","Automotive",5461
"1039","2010-01-01","Avon","FMCG",5072
"1040","2010-01-01","Hyundai","Automotive",5033
"1041","2010-01-01","Yahoo!","Media",4958
"1042","2010-01-01","Allianz","Financial Services",4904
"1043","2010-01-01","Banco Santander","Financial Services",4846
"1044","2010-01-01","Hermès","Luxury",4782
"1045","2010-01-01","Caterpillar","Diversified",4704
"1046","2010-01-01","Kleenex","FMCG",4536
"1047","2010-01-01","Porsche","Automotive",4404
"1048","2010-01-01","Panasonic","Electronics",4351
"1049","2010-01-01","BARCLAYS","Financial Services",4218
"1050","2010-01-01","Johnson & Johnson","FMCG",4155
"1051","2010-01-01","Tiffany & Co.","Luxury",4127
"1052","2010-01-01","Cartier","Luxury",4052
"1053","2010-01-01","Jack Daniel's","Alcohol",4036
"1054","2010-01-01","Moët & Chandon","Alcohol",4021
"1055","2010-01-01","Credit Suisse","Financial Services",4010
"1056","2010-01-01","Shell","Energy",4003
"1057","2010-01-01","Visa","Financial Services",3998
"1058","2010-01-01","Pizza Hut","Restaurants",3973
"1059","2010-01-01","Gap","Apparel",3961
"1060","2010-01-01","Corona","Alcohol",3847
"1061","2010-01-01","UBS","Financial Services",3812
"1062","2010-01-01","Nivea","FMCG",3734
"1063","2010-01-01","Adobe","Business Services",3626
"1064","2010-01-01","Smirnoff","Alcohol",3624
"1065","2010-01-01","3M","Diversified",3586
"1066","2010-01-01","Ferrari","Automotive",3562
"1067","2010-01-01","Johnnie Walker","Alcohol",3557
"1068","2010-01-01","Heineken","Alcohol",3516
"1069","2010-01-01","ZURICH","Financial Services",3496
"1070","2010-01-01","Armani","Luxury",3443
"1071","2010-01-01","Lancôme","FMCG",3403
"1072","2010-01-01","Starbucks","Restaurants",3339
"1073","2010-01-01","Harley-Davidson","Automotive",3281
"1074","2010-01-01","Campbell's","FMCG",3241
"1075","2010-01-01","Burberry","Luxury",3110
"1076","2011-01-01","Coca-Cola","Beverages",71861
"1077","2011-01-01","IBM","Business Services",69905
"1078","2011-01-01","Microsoft","Technology",59087
"1079","2011-01-01","Google","Technology",55317
"1080","2011-01-01","GE","Diversified",42808
"1081","2011-01-01","McDonald's","Restaurants",35593
"1082","2011-01-01","Intel","Technology",35217
"1083","2011-01-01","Apple","Technology",33492
"1084","2011-01-01","Disney","Media",29018
"1085","2011-01-01","HP","Electronics",28479
"1086","2011-01-01","Toyota","Automotive",27764
"1087","2011-01-01","Mercedes-Benz","Automotive",27445
"1088","2011-01-01","Cisco","Business Services",25309
"1089","2011-01-01","Nokia","Technology",25071
"1090","2011-01-01","BMW","Automotive",24554
"1091","2011-01-01","Gillette","FMCG",23997
"1092","2011-01-01","Samsung","Technology",23430
"1093","2011-01-01","Louis Vuitton","Luxury",23172
"1094","2011-01-01","Honda","Automotive",19431
"1095","2011-01-01","Oracle","Business Services",17262
"1096","2011-01-01","H&M","Apparel",16459
"1097","2011-01-01","Pepsi","Beverages",14590
"1098","2011-01-01","American Express","Financial Services",14572
"1099","2011-01-01","SAP","Business Services",14542
"1100","2011-01-01","Nike","Sporting Goods",14528
"1101","2011-01-01","Amazon","Technology",12758
"1102","2011-01-01","UPS","Logistics",12536
"1103","2011-01-01","J.P. Morgan","Financial Services",12437
"1104","2011-01-01","Budweiser","Alcohol",12252
"1105","2011-01-01","NESCAFÉ","Beverages",12115
"1106","2011-01-01","IKEA","Retail",11863
"1107","2011-01-01","HSBC","Financial Services",11792
"1108","2011-01-01","Canon","Electronics",11715
"1109","2011-01-01","Kellogg's","FMCG",11372
"1110","2011-01-01","Sony","Electronics",9880
"1111","2011-01-01","eBay","Retail",9805
"1112","2011-01-01","Thomson Reuters","Media",9515
"1113","2011-01-01","Goldman Sachs","Financial Services",9091
"1114","2011-01-01","Gucci","Luxury",8763
"1115","2011-01-01","L'Oréal","FMCG",8699
"1116","2011-01-01","Philips","Electronics",8658
"1117","2011-01-01","Citi","Financial Services",8620
"1118","2011-01-01","Dell","Electronics",8347
"1119","2011-01-01","Zara","Apparel",8065
"1120","2011-01-01","Accenture","Business Services",8005
"1121","2011-01-01","Siemens","Diversified",7900
"1122","2011-01-01","Volkswagen","Automotive",7857
"1123","2011-01-01","Nintendo","Electronics",7731
"1124","2011-01-01","Heinz","FMCG",7609
"1125","2011-01-01","Ford","Automotive",7483
"1126","2011-01-01","Colgate","FMCG",7127
"1127","2011-01-01","Danone","FMCG",6936
"1128","2011-01-01","AXA","Financial Services",6694
"1129","2011-01-01","Morgan Stanley","Financial Services",6634
"1130","2011-01-01","Nestlé","FMCG",6613
"1131","2011-01-01","BlackBerry","Electronics",6424
"1132","2011-01-01","Xerox","Business Services",6414
"1133","2011-01-01","MTV","Media",6383
"1134","2011-01-01","Audi","Automotive",6171
"1135","2011-01-01","adidas","Sporting Goods",6154
"1136","2011-01-01","Hyundai","Automotive",6005
"1137","2011-01-01","KFC","Restaurants",5902
"1138","2011-01-01","Sprite","Beverages",5604
"1139","2011-01-01","Caterpillar","Diversified",5598
"1140","2011-01-01","Avon","FMCG",5376
"1141","2011-01-01","Hermès","Luxury",5356
"1142","2011-01-01","Allianz","Financial Services",5345
"1143","2011-01-01","Banco Santander","Financial Services",5088
"1144","2011-01-01","Panasonic","Electronics",5047
"1145","2011-01-01","Cartier","Luxury",4781
"1146","2011-01-01","Kleenex","FMCG",4672
"1147","2011-01-01","Porsche","Automotive",4580
"1148","2011-01-01","Tiffany & Co.","Luxury",4498
"1149","2011-01-01","Shell","Energy",4483
"1150","2011-01-01","Visa","Financial Services",4478
"1151","2011-01-01","Yahoo!","Media",4413
"1152","2011-01-01","Moët & Chandon","Alcohol",4383
"1153","2011-01-01","Jack Daniel's","Alcohol",4319
"1154","2011-01-01","BARCLAYS","Financial Services",4259
"1155","2011-01-01","Adobe","Business Services",4170
"1156","2011-01-01","Pizza Hut","Restaurants",4092
"1157","2011-01-01","Credit Suisse","Financial Services",4090
"1158","2011-01-01","Johnson & Johnson","FMCG",4072
"1159","2011-01-01","Gap","Apparel",4040
"1160","2011-01-01","3M","Diversified",3945
"1161","2011-01-01","Corona","Alcohol",3924
"1162","2011-01-01","Nivea","FMCG",3883
"1163","2011-01-01","Johnnie Walker","Alcohol",3842
"1164","2011-01-01","Smirnoff","Alcohol",3841
"1165","2011-01-01","Nissan","Automotive",3819
"1166","2011-01-01","Heineken","Alcohol",3809
"1167","2011-01-01","UBS","Financial Services",3799
"1168","2011-01-01","Armani","Luxury",3794
"1169","2011-01-01","ZURICH","Financial Services",3769
"1170","2011-01-01","Burberry","Luxury",3732
"1171","2011-01-01","Starbucks","Restaurants",3663
"1172","2011-01-01","John Deere","Diversified",3651
"1173","2011-01-01","HTC","Electronics",3605
"1174","2011-01-01","Ferrari","Automotive",3591
"1175","2011-01-01","Harley-Davidson","Automotive",3512
"1176","2012-01-01","Coca-Cola","Beverages",77839
"1177","2012-01-01","Apple","Technology",76568
"1178","2012-01-01","IBM","Business Services",75532
"1179","2012-01-01","Google","Technology",69726
"1180","2012-01-01","Microsoft","Technology",57853
"1181","2012-01-01","GE","Diversified",43682
"1182","2012-01-01","McDonald's","Restaurants",40062
"1183","2012-01-01","Intel","Technology",39385
"1184","2012-01-01","Samsung","Technology",32893
"1185","2012-01-01","Toyota","Automotive",30280
"1186","2012-01-01","Mercedes-Benz","Automotive",30097
"1187","2012-01-01","BMW","Automotive",29052
"1188","2012-01-01","Disney","Media",27438
"1189","2012-01-01","Cisco","Business Services",27197
"1190","2012-01-01","HP","Electronics",26087
"1191","2012-01-01","Gillette","FMCG",24898
"1192","2012-01-01","Louis Vuitton","Luxury",23577
"1193","2012-01-01","Oracle","Business Services",22126
"1194","2012-01-01","Nokia","Technology",21009
"1195","2012-01-01","Amazon","Technology",18625
"1196","2012-01-01","Honda","Automotive",17280
"1197","2012-01-01","Pepsi","Beverages",16594
"1198","2012-01-01","H&M","Apparel",16571
"1199","2012-01-01","American Express","Financial Services",15702
"1200","2012-01-01","SAP","Business Services",15641
"1201","2012-01-01","Nike","Sporting Goods",15126
"1202","2012-01-01","UPS","Logistics",13088
"1203","2012-01-01","IKEA","Retail",12808
"1204","2012-01-01","Kellogg's","FMCG",12068
"1205","2012-01-01","Canon","Electronics",12029
"1206","2012-01-01","Budweiser","Alcohol",11872
"1207","2012-01-01","J.P. Morgan","Financial Services",11471
"1208","2012-01-01","HSBC","Financial Services",11378
"1209","2012-01-01","Pampers","FMCG",11296
"1210","2012-01-01","NESCAFÉ","Beverages",11089
"1211","2012-01-01","eBay","Retail",10947
"1212","2012-01-01","Zara","Apparel",9488
"1213","2012-01-01","Gucci","Luxury",9446
"1214","2012-01-01","Volkswagen","Automotive",9252
"1215","2012-01-01","Sony","Electronics",9111
"1216","2012-01-01","Philips","Electronics",9066
"1217","2012-01-01","L'Oréal","FMCG",8821
"1218","2012-01-01","Accenture","Business Services",8745
"1219","2012-01-01","Thomson Reuters","Media",8444
"1220","2012-01-01","Ford","Automotive",7958
"1221","2012-01-01","Heinz","FMCG",7722
"1222","2012-01-01","Colgate","FMCG",7643
"1223","2012-01-01","Goldman Sachs","Financial Services",7599
"1224","2012-01-01","Dell","Electronics",7591
"1225","2012-01-01","Citi","Financial Services",7570
"1226","2012-01-01","Siemens","Diversified",7534
"1227","2012-01-01","Danone","FMCG",7498
"1228","2012-01-01","Hyundai","Automotive",7473
"1229","2012-01-01","Morgan Stanley","Financial Services",7218
"1230","2012-01-01","Audi","Automotive",7196
"1231","2012-01-01","Nintendo","Electronics",7082
"1232","2012-01-01","Nestlé","FMCG",6916
"1233","2012-01-01","AXA","Financial Services",6748
"1234","2012-01-01","Xerox","Business Services",6714
"1235","2012-01-01","adidas","Sporting Goods",6699
"1236","2012-01-01","Caterpillar","Diversified",6306
"1237","2012-01-01","Allianz","Financial Services",6184
"1238","2012-01-01","Hermès","Luxury",6182
"1239","2012-01-01","KFC","Restaurants",5994
"1240","2012-01-01","Panasonic","Electronics",5765
"1241","2012-01-01","Sprite","Beverages",5709
"1242","2012-01-01","MTV","Media",5648
"1243","2012-01-01","Cartier","Luxury",5495
"1244","2012-01-01","Facebook","Technology",5421
"1245","2012-01-01","Tiffany & Co.","Luxury",5159
"1246","2012-01-01","Avon","FMCG",5151
"1247","2012-01-01","Porsche","Automotive",5149
"1248","2012-01-01","Nissan","Automotive",4969
"1249","2012-01-01","Visa","Financial Services",4944
"1250","2012-01-01","Shell","Energy",4788
"1251","2012-01-01","Banco Santander","Financial Services",4771
"1252","2012-01-01","3M","Diversified",4656
"1253","2012-01-01","Adobe","Business Services",4557
"1254","2012-01-01","Johnson & Johnson","FMCG",4378
"1255","2012-01-01","Kleenex","FMCG",4360
"1256","2012-01-01","Jack Daniel's","Alcohol",4352
"1257","2012-01-01","Burberry","Luxury",4342
"1258","2012-01-01","Johnnie Walker","Alcohol",4301
"1259","2012-01-01","Prada","Luxury",4271
"1260","2012-01-01","John Deere","Diversified",4221
"1261","2012-01-01","Pizza Hut","Restaurants",4193
"1262","2012-01-01","Kia","Automotive",4089
"1263","2012-01-01","Starbucks","Restaurants",4062
"1264","2012-01-01","Corona","Alcohol",4061
"1265","2012-01-01","Smirnoff","Alcohol",4050
"1266","2012-01-01","Ralph Lauren","Apparel",4038
"1267","2012-01-01","Heineken","Alcohol",3939
"1268","2012-01-01","BlackBerry","Electronics",3922
"1269","2012-01-01","Mastercard","Financial Services",3896
"1270","2012-01-01","Credit Suisse","Financial Services",3866
"1271","2012-01-01","Harley-Davidson","Automotive",3857
"1272","2012-01-01","Yahoo!","Media",3851
"1273","2012-01-01","Moët & Chandon","Alcohol",3824
"1274","2012-01-01","Ferrari","Automotive",3770
"1275","2012-01-01","Gap","Apparel",3731
"1276","2013-01-01","Apple","Technology",98316
"1277","2013-01-01","Google","Technology",93291
"1278","2013-01-01","Coca-Cola","Beverages",79213
"1279","2013-01-01","IBM","Business Services",78808
"1280","2013-01-01","Microsoft","Technology",59546
"1281","2013-01-01","GE","Diversified",46947
"1282","2013-01-01","McDonald's","Restaurants",41992
"1283","2013-01-01","Samsung","Technology",39610
"1284","2013-01-01","Intel","Technology",37257
"1285","2013-01-01","Toyota","Automotive",35346
"1286","2013-01-01","Mercedes-Benz","Automotive",31904
"1287","2013-01-01","BMW","Automotive",31839
"1288","2013-01-01","Cisco","Business Services",29053
"1289","2013-01-01","Disney","Media",28147
"1290","2013-01-01","HP","Electronics",25843
"1291","2013-01-01","Gillette","FMCG",25105
"1292","2013-01-01","Louis Vuitton","Luxury",24893
"1293","2013-01-01","Oracle","Business Services",24088
"1294","2013-01-01","Amazon","Technology",23620
"1295","2013-01-01","Honda","Automotive",18490
"1296","2013-01-01","H&M","Apparel",18168
"1297","2013-01-01","Pepsi","Beverages",17892
"1298","2013-01-01","American Express","Financial Services",17646
"1299","2013-01-01","Nike","Sporting Goods",17085
"1300","2013-01-01","SAP","Business Services",16676
"1301","2013-01-01","IKEA","Retail",13818
"1302","2013-01-01","UPS","Logistics",13763
"1303","2013-01-01","eBay","Retail",13162
"1304","2013-01-01","Pampers","FMCG",13035
"1305","2013-01-01","Kellogg's","FMCG",12987
"1306","2013-01-01","Budweiser","Alcohol",12614
"1307","2013-01-01","HSBC","Financial Services",12183
"1308","2013-01-01","J.P. Morgan","Financial Services",11456
"1309","2013-01-01","Volkswagen","Automotive",11120
"1310","2013-01-01","Canon","Electronics",10989
"1311","2013-01-01","Zara","Apparel",10821
"1312","2013-01-01","NESCAFÉ","Beverages",10651
"1313","2013-01-01","Gucci","Luxury",10151
"1314","2013-01-01","L'Oréal","FMCG",9874
"1315","2013-01-01","Philips","Electronics",9813
"1316","2013-01-01","Accenture","Business Services",9471
"1317","2013-01-01","Ford","Automotive",9181
"1318","2013-01-01","Hyundai","Automotive",9004
"1319","2013-01-01","Goldman Sachs","Financial Services",8536
"1320","2013-01-01","Siemens","Diversified",8503
"1321","2013-01-01","Sony","Electronics",8408
"1322","2013-01-01","Thomson Reuters","Media",8103
"1323","2013-01-01","Citi","Financial Services",7973
"1324","2013-01-01","Danone","FMCG",7968
"1325","2013-01-01","Colgate","FMCG",7833
"1326","2013-01-01","Audi","Automotive",7767
"1327","2013-01-01","Facebook","Technology",7732
"1328","2013-01-01","Heinz","FMCG",7648
"1329","2013-01-01","Hermès","Luxury",7616
"1330","2013-01-01","adidas","Sporting Goods",7535
"1331","2013-01-01","Nestlé","FMCG",7527
"1332","2013-01-01","Nokia","Technology",7444
"1333","2013-01-01","Caterpillar","Diversified",7125
"1334","2013-01-01","AXA","Financial Services",7096
"1335","2013-01-01","Cartier","Luxury",6897
"1336","2013-01-01","Dell","Electronics",6845
"1337","2013-01-01","Xerox","Business Services",6779
"1338","2013-01-01","Allianz","Financial Services",6710
"1339","2013-01-01","Porsche","Automotive",6471
"1340","2013-01-01","Nissan","Automotive",6203
"1341","2013-01-01","KFC","Restaurants",6192
"1342","2013-01-01","Nintendo","Electronics",6086
"1343","2013-01-01","Panasonic","Electronics",5821
"1344","2013-01-01","Sprite","Beverages",5811
"1345","2013-01-01","Discovery","Media",5756
"1346","2013-01-01","Morgan Stanley","Financial Services",5724
"1347","2013-01-01","Prada","Luxury",5570
"1348","2013-01-01","Shell","Energy",5535
"1349","2013-01-01","Visa","Financial Services",5465
"1350","2013-01-01","Tiffany & Co.","Luxury",5440
"1351","2013-01-01","3M","Diversified",5413
"1352","2013-01-01","Burberry","Luxury",5189
"1353","2013-01-01","MTV","Media",4980
"1354","2013-01-01","Adobe","Business Services",4899
"1355","2013-01-01","John Deere","Diversified",4865
"1356","2013-01-01","Johnson & Johnson","FMCG",4777
"1357","2013-01-01","Johnnie Walker","Alcohol",4745
"1358","2013-01-01","Kia","Automotive",4708
"1359","2013-01-01","Banco Santander","Financial Services",4660
"1360","2013-01-01","Duracell","FMCG",4645
"1361","2013-01-01","Jack Daniel's","Alcohol",4642
"1362","2013-01-01","Avon","FMCG",4610
"1363","2013-01-01","Ralph Lauren","Apparel",4584
"1364","2013-01-01","Chevrolet","Automotive",4578
"1365","2013-01-01","Kleenex","FMCG",4428
"1366","2013-01-01","Starbucks","Restaurants",4399
"1367","2013-01-01","Heineken","Alcohol",4331
"1368","2013-01-01","Corona","Alcohol",4276
"1369","2013-01-01","Pizza Hut","Restaurants",4269
"1370","2013-01-01","Smirnoff","Alcohol",4262
"1371","2013-01-01","Harley-Davidson","Automotive",4230
"1372","2013-01-01","Mastercard","Financial Services",4206
"1373","2013-01-01","Ferrari","Automotive",4013
"1374","2013-01-01","Moët & Chandon","Alcohol",3943
"1375","2013-01-01","Gap","Apparel",3920
"1376","2014-01-01","Apple","Technology",118863
"1377","2014-01-01","Google","Technology",107439
"1378","2014-01-01","Coca-Cola","Beverages",81563
"1379","2014-01-01","IBM","Business Services",72244
"1380","2014-01-01","Microsoft","Technology",61154
"1381","2014-01-01","GE","Diversified",45480
"1382","2014-01-01","Samsung","Technology",45462
"1383","2014-01-01","Toyota","Automotive",42392
"1384","2014-01-01","McDonald's","Restaurants",42254
"1385","2014-01-01","Mercedes-Benz","Automotive",34338
"1386","2014-01-01","BMW","Automotive",34214
"1387","2014-01-01","Intel","Technology",34153
"1388","2014-01-01","Disney","Media",32223
"1389","2014-01-01","Cisco","Business Services",30936
"1390","2014-01-01","Amazon","Technology",29478
"1391","2014-01-01","Oracle","Business Services",25980
"1392","2014-01-01","HP","Electronics",23758
"1393","2014-01-01","Gillette","FMCG",22845
"1394","2014-01-01","Louis Vuitton","Luxury",22552
"1395","2014-01-01","Honda","Automotive",21673
"1396","2014-01-01","H&M","Apparel",21083
"1397","2014-01-01","Nike","Sporting Goods",19875
"1398","2014-01-01","American Express","Financial Services",19510
"1399","2014-01-01","Pepsi","Beverages",19119
"1400","2014-01-01","SAP","Business Services",17340
"1401","2014-01-01","IKEA","Retail",15885
"1402","2014-01-01","UPS","Logistics",14470
"1403","2014-01-01","eBay","Retail",14358
"1404","2014-01-01","Facebook","Technology",14349
"1405","2014-01-01","Pampers","FMCG",14078
"1406","2014-01-01","Volkswagen","Automotive",13716
"1407","2014-01-01","Kellogg's","FMCG",13442
"1408","2014-01-01","HSBC","Financial Services",13142
"1409","2014-01-01","Budweiser","Alcohol",13024
"1410","2014-01-01","J.P. Morgan","Financial Services",12456
"1411","2014-01-01","Zara","Apparel",12126
"1412","2014-01-01","Canon","Electronics",11702
"1413","2014-01-01","NESCAFÉ","Beverages",11406
"1414","2014-01-01","Ford","Automotive",10876
"1415","2014-01-01","Hyundai","Automotive",10409
"1416","2014-01-01","Gucci","Luxury",10385
"1417","2014-01-01","Philips","Electronics",10264
"1418","2014-01-01","L'Oréal","FMCG",10162
"1419","2014-01-01","Accenture","Business Services",9882
"1420","2014-01-01","Audi","Automotive",9831
"1421","2014-01-01","Hermès","Luxury",8977
"1422","2014-01-01","Goldman Sachs","Financial Services",8758
"1423","2014-01-01","Citi","Financial Services",8737
"1424","2014-01-01","Siemens","Diversified",8672
"1425","2014-01-01","Colgate","FMCG",8215
"1426","2014-01-01","Danone","FMCG",8205
"1427","2014-01-01","Sony","Electronics",8133
"1428","2014-01-01","AXA","Financial Services",8120
"1429","2014-01-01","Nestlé","FMCG",8000
"1430","2014-01-01","Allianz","Financial Services",7702
"1431","2014-01-01","Nissan","Automotive",7623
"1432","2014-01-01","Thomson Reuters","Media",7472
"1433","2014-01-01","Cartier","Luxury",7449
"1434","2014-01-01","adidas","Sporting Goods",7378
"1435","2014-01-01","Porsche","Automotive",7171
"1436","2014-01-01","Caterpillar","Diversified",6812
"1437","2014-01-01","Xerox","Business Services",6641
"1438","2014-01-01","Morgan Stanley","Financial Services",6334
"1439","2014-01-01","Panasonic","Electronics",6303
"1440","2014-01-01","Shell","Energy",6288
"1441","2014-01-01","3M","Diversified",6177
"1442","2014-01-01","Discovery","Media",6143
"1443","2014-01-01","KFC","Restaurants",6059
"1444","2014-01-01","Visa","Financial Services",5998
"1445","2014-01-01","Prada","Luxury",5977
"1446","2014-01-01","Tiffany & Co.","Luxury",5936
"1447","2014-01-01","Sprite","Beverages",5646
"1448","2014-01-01","Burberry","Luxury",5594
"1449","2014-01-01","Kia","Automotive",5396
"1450","2014-01-01","Banco Santander","Financial Services",5382
"1451","2014-01-01","Starbucks","Restaurants",5382
"1452","2014-01-01","Adobe","Business Services",5333
"1453","2014-01-01","Johnson & Johnson","FMCG",5194
"1454","2014-01-01","John Deere","Diversified",5124
"1455","2014-01-01","MTV","Media",5102
"1456","2014-01-01","DHL","Logistics",5084
"1457","2014-01-01","Chevrolet","Automotive",5036
"1458","2014-01-01","Ralph Lauren","Apparel",4979
"1459","2014-01-01","Duracell","FMCG",4935
"1460","2014-01-01","Jack Daniel's","Alcohol",4884
"1461","2014-01-01","Johnnie Walker","Alcohol",4842
"1462","2014-01-01","Harley-Davidson","Automotive",4772
"1463","2014-01-01","Mastercard","Financial Services",4758
"1464","2014-01-01","Kleenex","FMCG",4643
"1465","2014-01-01","Smirnoff","Alcohol",4609
"1466","2014-01-01","Land Rover","Automotive",4473
"1467","2014-01-01","FedEx","Logistics",4414
"1468","2014-01-01","Corona","Alcohol",4387
"1469","2014-01-01","Huawei","Technology",4313
"1470","2014-01-01","Heineken","Alcohol",4221
"1471","2014-01-01","Pizza Hut","Restaurants",4196
"1472","2014-01-01","Hugo Boss","Apparel",4143
"1473","2014-01-01","Nokia","Technology",4138
"1474","2014-01-01","Gap","Apparel",4122
"1475","2014-01-01","Nintendo","Electronics",4103
"1476","2015-01-01","Apple","Technology",170276
"1477","2015-01-01","Google","Technology",120314
"1478","2015-01-01","Coca-Cola","Beverages",78423
"1479","2015-01-01","Microsoft","Technology",67670
"1480","2015-01-01","IBM","Business Services",65095
"1481","2015-01-01","Toyota","Automotive",49048
"1482","2015-01-01","Samsung","Technology",45297
"1483","2015-01-01","GE","Diversified",42267
"1484","2015-01-01","McDonald's","Restaurants",39809
"1485","2015-01-01","Amazon","Technology",37948
"1486","2015-01-01","BMW","Automotive",37212
"1487","2015-01-01","Mercedes-Benz","Automotive",36711
"1488","2015-01-01","Disney","Media",36514
"1489","2015-01-01","Intel","Technology",35415
"1490","2015-01-01","Cisco","Business Services",29854
"1491","2015-01-01","Oracle","Business Services",27283
"1492","2015-01-01","Nike","Sporting Goods",23070
"1493","2015-01-01","HP","Electronics",23056
"1494","2015-01-01","Honda","Automotive",22975
"1495","2015-01-01","Louis Vuitton","Luxury",22250
"1496","2015-01-01","H&M","Apparel",22222
"1497","2015-01-01","Gillette","FMCG",22218
"1498","2015-01-01","Facebook","Technology",22029
"1499","2015-01-01","Pepsi","Beverages",19622
"1500","2015-01-01","American Express","Financial Services",18922
"1501","2015-01-01","SAP","Business Services",18768
"1502","2015-01-01","IKEA","Retail",16541
"1503","2015-01-01","Pampers","FMCG",15267
"1504","2015-01-01","UPS","Logistics",14723
"1505","2015-01-01","Zara","Apparel",14031
"1506","2015-01-01","Budweiser","Alcohol",13943
"1507","2015-01-01","eBay","Retail",13940
"1508","2015-01-01","J.P. Morgan","Financial Services",13749
"1509","2015-01-01","Kellogg's","FMCG",12637
"1510","2015-01-01","Volkswagen","Automotive",12545
"1511","2015-01-01","NESCAFÉ","Beverages",12257
"1512","2015-01-01","HSBC","Financial Services",11656
"1513","2015-01-01","Ford","Automotive",11578
"1514","2015-01-01","Hyundai","Automotive",11293
"1515","2015-01-01","Canon","Electronics",11278
"1516","2015-01-01","Hermès","Luxury",10944
"1517","2015-01-01","Accenture","Business Services",10800
"1518","2015-01-01","L'Oréal","FMCG",10798
"1519","2015-01-01","Audi","Automotive",10328
"1520","2015-01-01","Citi","Financial Services",9784
"1521","2015-01-01","Goldman Sachs","Financial Services",9526
"1522","2015-01-01","Philips","Electronics",9400
"1523","2015-01-01","AXA","Financial Services",9254
"1524","2015-01-01","Nissan","Automotive",9082
"1525","2015-01-01","Gucci","Luxury",8882
"1526","2015-01-01","Danone","FMCG",8632
"1527","2015-01-01","Nestlé","FMCG",8588
"1528","2015-01-01","Siemens","Diversified",8553
"1529","2015-01-01","Allianz","Financial Services",8498
"1530","2015-01-01","Colgate","FMCG",8464
"1531","2015-01-01","Porsche","Automotive",8055
"1532","2015-01-01","Cartier","Luxury",7924
"1533","2015-01-01","Sony","Electronics",7702
"1534","2015-01-01","3M","Diversified",7243
"1535","2015-01-01","Morgan Stanley","Financial Services",7083
"1536","2015-01-01","Visa","Financial Services",6870
"1537","2015-01-01","adidas","Sporting Goods",6811
"1538","2015-01-01","Thomson Reuters","Media",6583
"1539","2015-01-01","Discovery","Media",6509
"1540","2015-01-01","Panasonic","Electronics",6436
"1541","2015-01-01","Tiffany & Co.","Luxury",6306
"1542","2015-01-01","Starbucks","Restaurants",6266
"1543","2015-01-01","Adobe","Business Services",6257
"1544","2015-01-01","Prada","Luxury",6222
"1545","2015-01-01","Banco Santander","Financial Services",6097
"1546","2015-01-01","Xerox","Business Services",6033
"1547","2015-01-01","Caterpillar","Diversified",5976
"1548","2015-01-01","Burberry","Luxury",5873
"1549","2015-01-01","Kia","Automotive",5666
"1550","2015-01-01","KFC","Restaurants",5639
"1551","2015-01-01","Mastercard","Financial Services",5551
"1552","2015-01-01","Johnson & Johnson","FMCG",5533
"1553","2015-01-01","Shell","Energy",5530
"1554","2015-01-01","Harley-Davidson","Automotive",5460
"1555","2015-01-01","DHL","Logistics",5391
"1556","2015-01-01","Sprite","Beverages",5365
"1557","2015-01-01","LEGO","FMCG",5362
"1558","2015-01-01","John Deere","Diversified",5208
"1559","2015-01-01","Jack Daniel's","Alcohol",5161
"1560","2015-01-01","Chevrolet","Automotive",5133
"1561","2015-01-01","FedEx","Logistics",5130
"1562","2015-01-01","Land Rover","Automotive",5109
"1563","2015-01-01","Huawei","Technology",4952
"1564","2015-01-01","Heineken","Alcohol",4822
"1565","2015-01-01","MTV","Media",4763
"1566","2015-01-01","Ralph Lauren","Apparel",4629
"1567","2015-01-01","Johnnie Walker","Alcohol",4540
"1568","2015-01-01","Corona","Alcohol",4456
"1569","2015-01-01","Smirnoff","Alcohol",4407
"1570","2015-01-01","Kleenex","FMCG",4330
"1571","2015-01-01","Hugo Boss","Apparel",4270
"1572","2015-01-01","PayPal","Financial Services",4251
"1573","2015-01-01","MINI","Automotive",4243
"1574","2015-01-01","Moët & Chandon","Alcohol",4131
"1575","2015-01-01","Lenovo","Technology",4114
"1576","2016-01-01","Apple","Technology",178119
"1577","2016-01-01","Google","Technology",133252
"1578","2016-01-01","Coca-Cola","Beverages",73102
"1579","2016-01-01","Microsoft","Technology",72795
"1580","2016-01-01","Toyota","Automotive",53580
"1581","2016-01-01","IBM","Business Services",52500
"1582","2016-01-01","Samsung","Technology",51808
"1583","2016-01-01","Amazon","Technology",50338
"1584","2016-01-01","Mercedes-Benz","Automotive",43490
"1585","2016-01-01","GE","Diversified",43130
"1586","2016-01-01","BMW","Automotive",41535
"1587","2016-01-01","McDonald's","Restaurants",39381
"1588","2016-01-01","Disney","Media",38790
"1589","2016-01-01","Intel","Technology",36952
"1590","2016-01-01","Facebook","Technology",32593
"1591","2016-01-01","Cisco","Business Services",30948
"1592","2016-01-01","Oracle","Business Services",26552
"1593","2016-01-01","Nike","Sporting Goods",25034
"1594","2016-01-01","Louis Vuitton","Luxury",23998
"1595","2016-01-01","H&M","Apparel",22681
"1596","2016-01-01","Honda","Automotive",22106
"1597","2016-01-01","SAP","Business Services",21293
"1598","2016-01-01","Pepsi","Beverages",20265
"1599","2016-01-01","Gillette","FMCG",19950
"1600","2016-01-01","American Express","Financial Services",18358
"1601","2016-01-01","IKEA","Retail",17834
"1602","2016-01-01","Zara","Apparel",16766
"1603","2016-01-01","Pampers","FMCG",16134
"1604","2016-01-01","UPS","Logistics",15333
"1605","2016-01-01","Budweiser","Alcohol",15099
"1606","2016-01-01","J.P. Morgan","Financial Services",14227
"1607","2016-01-01","eBay","Retail",13136
"1608","2016-01-01","Ford","Automotive",12962
"1609","2016-01-01","Hermès","Luxury",12833
"1610","2016-01-01","Hyundai","Automotive",12547
"1611","2016-01-01","NESCAFÉ","Beverages",12517
"1612","2016-01-01","Accenture","Business Services",12033
"1613","2016-01-01","Audi","Automotive",11799
"1614","2016-01-01","Kellogg's","FMCG",11711
"1615","2016-01-01","Volkswagen","Automotive",11436
"1616","2016-01-01","Philips","Electronics",11336
"1617","2016-01-01","Canon","Electronics",11081
"1618","2016-01-01","Nissan","Automotive",11066
"1619","2016-01-01","Hewlett Packard Enterprise","Business Services",11027
"1620","2016-01-01","L'Oréal","FMCG",10930
"1621","2016-01-01","AXA","Financial Services",10579
"1622","2016-01-01","HSBC","Financial Services",10458
"1623","2016-01-01","HP","Electronics",10386
"1624","2016-01-01","Citi","Financial Services",10276
"1625","2016-01-01","Porsche","Automotive",9537
"1626","2016-01-01","Allianz","Financial Services",9528
"1627","2016-01-01","Siemens","Diversified",9415
"1628","2016-01-01","Gucci","Luxury",9385
"1629","2016-01-01","Goldman Sachs","Financial Services",9378
"1630","2016-01-01","Danone","FMCG",9197
"1631","2016-01-01","Nestlé","FMCG",8708
"1632","2016-01-01","Colgate","FMCG",8413
"1633","2016-01-01","Sony","Electronics",8315
"1634","2016-01-01","3M","Diversified",8199
"1635","2016-01-01","adidas","Sporting Goods",7885
"1636","2016-01-01","Visa","Financial Services",7747
"1637","2016-01-01","Cartier","Luxury",7738
"1638","2016-01-01","Adobe","Business Services",7586
"1639","2016-01-01","Starbucks","Restaurants",7490
"1640","2016-01-01","Morgan Stanley","Financial Services",7200
"1641","2016-01-01","Thomson Reuters","Media",6830
"1642","2016-01-01","LEGO","FMCG",6691
"1643","2016-01-01","Panasonic","Electronics",6365
"1644","2016-01-01","Kia","Automotive",6326
"1645","2016-01-01","Banco Santander","Financial Services",6223
"1646","2016-01-01","Discovery","Media",5944
"1647","2016-01-01","Huawei","Technology",5835
"1648","2016-01-01","Johnson & Johnson","FMCG",5790
"1649","2016-01-01","Tiffany & Co.","Luxury",5761
"1650","2016-01-01","KFC","Restaurants",5742
"1651","2016-01-01","Mastercard","Financial Services",5736
"1652","2016-01-01","DHL","Logistics",5708
"1653","2016-01-01","Land Rover","Automotive",5696
"1654","2016-01-01","FedEx","Logistics",5579
"1655","2016-01-01","Harley-Davidson","Automotive",5527
"1656","2016-01-01","Prada","Luxury",5504
"1657","2016-01-01","Caterpillar","Diversified",5425
"1658","2016-01-01","Burberry","Luxury",5362
"1659","2016-01-01","Xerox","Business Services",5290
"1660","2016-01-01","Jack Daniel's","Alcohol",5193
"1661","2016-01-01","Sprite","Beverages",5148
"1662","2016-01-01","Heineken","Alcohol",5123
"1663","2016-01-01","MINI","Automotive",4986
"1664","2016-01-01","Dior","Luxury",4909
"1665","2016-01-01","PayPal","Financial Services",4839
"1666","2016-01-01","John Deere","Diversified",4815
"1667","2016-01-01","Shell","Energy",4599
"1668","2016-01-01","Corona","Alcohol",4509
"1669","2016-01-01","MTV","Media",4320
"1670","2016-01-01","Johnnie Walker","Alcohol",4317
"1671","2016-01-01","Smirnoff","Alcohol",4252
"1672","2016-01-01","Moët & Chandon","Alcohol",4118
"1673","2016-01-01","Ralph Lauren","Apparel",4092
"1674","2016-01-01","Lenovo","Technology",4045
"1675","2016-01-01","Tesla","Automotive",4011
"1676","2017-01-01","Apple","Technology",184154
"1677","2017-01-01","Google","Technology",141703
"1678","2017-01-01","Microsoft","Technology",79999
"1679","2017-01-01","Coca-Cola","Beverages",69733
"1680","2017-01-01","Amazon","Technology",64796
"1681","2017-01-01","Samsung","Technology",56249
"1682","2017-01-01","Toyota","Automotive",50291
"1683","2017-01-01","Facebook","Technology",48188
"1684","2017-01-01","Mercedes-Benz","Automotive",47829
"1685","2017-01-01","IBM","Business Services",46829
"1686","2017-01-01","GE","Diversified",44208
"1687","2017-01-01","McDonald's","Restaurants",41533
"1688","2017-01-01","BMW","Automotive",41521
"1689","2017-01-01","Disney","Media",40772
"1690","2017-01-01","Intel","Technology",39459
"1691","2017-01-01","Cisco","Business Services",31930
"1692","2017-01-01","Oracle","Business Services",27466
"1693","2017-01-01","Nike","Sporting Goods",27021
"1694","2017-01-01","Louis Vuitton","Luxury",22919
"1695","2017-01-01","Honda","Automotive",22696
"1696","2017-01-01","SAP","Business Services",22635
"1697","2017-01-01","Pepsi","Beverages",20491
"1698","2017-01-01","H&M","Apparel",20488
"1699","2017-01-01","Zara","Apparel",18573
"1700","2017-01-01","IKEA","Retail",18472
"1701","2017-01-01","Gillette","FMCG",18200
"1702","2017-01-01","American Express","Financial Services",17787
"1703","2017-01-01","Pampers","FMCG",16416
"1704","2017-01-01","UPS","Logistics",16387
"1705","2017-01-01","J.P. Morgan","Financial Services",15749
"1706","2017-01-01","Budweiser","Alcohol",15375
"1707","2017-01-01","Hermès","Luxury",14210
"1708","2017-01-01","Ford","Automotive",13643
"1709","2017-01-01","eBay","Retail",13224
"1710","2017-01-01","Hyundai","Automotive",13193
"1711","2017-01-01","NESCAFÉ","Beverages",12661
"1712","2017-01-01","Accenture","Business Services",12471
"1713","2017-01-01","Audi","Automotive",12023
"1714","2017-01-01","Nissan","Automotive",11534
"1715","2017-01-01","Volkswagen","Automotive",11522
"1716","2017-01-01","Philips","Electronics",11519
"1717","2017-01-01","AXA","Financial Services",11073
"1718","2017-01-01","Kellogg's","FMCG",10972
"1719","2017-01-01","Goldman Sachs","Financial Services",10864
"1720","2017-01-01","L'Oréal","FMCG",10674
"1721","2017-01-01","Citi","Financial Services",10599
"1722","2017-01-01","HSBC","Financial Services",10534
"1723","2017-01-01","Porsche","Automotive",10129
"1724","2017-01-01","Allianz","Financial Services",10059
"1725","2017-01-01","Siemens","Diversified",9982
"1726","2017-01-01","Gucci","Luxury",9969
"1727","2017-01-01","Canon","Electronics",9788
"1728","2017-01-01","HP","Electronics",9541
"1729","2017-01-01","Danone","FMCG",9322
"1730","2017-01-01","adidas","Sporting Goods",9216
"1731","2017-01-01","Adobe","Business Services",9060
"1732","2017-01-01","Hewlett Packard Enterprise","Business Services",8951
"1733","2017-01-01","3M","Diversified",8947
"1734","2017-01-01","Nestlé","FMCG",8728
"1735","2017-01-01","Starbucks","Restaurants",8704
"1736","2017-01-01","Sony","Electronics",8474
"1737","2017-01-01","Colgate","FMCG",8325
"1738","2017-01-01","Morgan Stanley","Financial Services",8205
"1739","2017-01-01","Visa","Financial Services",7815
"1740","2017-01-01","Cartier","Luxury",7547
"1741","2017-01-01","Thomson Reuters","Media",7100
"1742","2017-01-01","LEGO","FMCG",7024
"1743","2017-01-01","Banco Santander","Financial Services",6702
"1744","2017-01-01","Kia","Automotive",6683
"1745","2017-01-01","Huawei","Technology",6676
"1746","2017-01-01","Mastercard","Financial Services",6350
"1747","2017-01-01","FedEx","Logistics",6255
"1748","2017-01-01","Land Rover","Automotive",6095
"1749","2017-01-01","Johnson & Johnson","FMCG",6041
"1750","2017-01-01","Panasonic","Electronics",5983
"1751","2017-01-01","DHL","Logistics",5715
"1752","2017-01-01","Harley-Davidson","Automotive",5671
"1753","2017-01-01","Netflix","Media",5592
"1754","2017-01-01","Discovery","Media",5411
"1755","2017-01-01","PayPal","Financial Services",5408
"1756","2017-01-01","Tiffany & Co.","Luxury",5394
"1757","2017-01-01","Jack Daniel's","Alcohol",5332
"1758","2017-01-01","KFC","Restaurants",5313
"1759","2017-01-01","Salesforce.com","Business Services",5224
"1760","2017-01-01","Heineken","Alcohol",5181
"1761","2017-01-01","Burberry","Luxury",5135
"1762","2017-01-01","MINI","Automotive",5114
"1763","2017-01-01","Ferrari","Automotive",4876
"1764","2017-01-01","Caterpillar","Diversified",4868
"1765","2017-01-01","Sprite","Beverages",4842
"1766","2017-01-01","Shell","Energy",4823
"1767","2017-01-01","John Deere","Diversified",4783
"1768","2017-01-01","Corona","Alcohol",4776
"1769","2017-01-01","Prada","Luxury",4716
"1770","2017-01-01","Dior","Luxury",4587
"1771","2017-01-01","Johnnie Walker","Alcohol",4405
"1772","2017-01-01","Smirnoff","Alcohol",4288
"1773","2017-01-01","Tesla","Automotive",4009
"1774","2017-01-01","Moët & Chandon","Alcohol",4006
"1775","2017-01-01","Lenovo","Technology",4004
"1776","2018-01-01","Apple","Technology",214480
"1777","2018-01-01","Google","Technology",155506
"1778","2018-01-01","Amazon","Technology",100764
"1779","2018-01-01","Microsoft","Technology",92715
"1780","2018-01-01","Coca-Cola","Beverages",66341
"1781","2018-01-01","Samsung","Technology",59890
"1782","2018-01-01","Toyota","Automotive",53404
"1783","2018-01-01","Mercedes-Benz","Automotive",48601
"1784","2018-01-01","Facebook","Technology",45168
"1785","2018-01-01","McDonald's","Restaurants",43417
"1786","2018-01-01","Intel","Technology",43293
"1787","2018-01-01","IBM","Business Services",42972
"1788","2018-01-01","BMW","Automotive",41006
"1789","2018-01-01","Disney","Media",39874
"1790","2018-01-01","Cisco","Business Services",34575
"1791","2018-01-01","GE","Diversified",32757
"1792","2018-01-01","Nike","Sporting Goods",30120
"1793","2018-01-01","Louis Vuitton","Luxury",28152
"1794","2018-01-01","Oracle","Business Services",26133
"1795","2018-01-01","Honda","Automotive",23682
"1796","2018-01-01","SAP","Business Services",22885
"1797","2018-01-01","Pepsi","Beverages",20798
"1798","2018-01-01","Chanel","Luxury",20005
"1799","2018-01-01","American Express","Financial Services",19139
"1800","2018-01-01","Zara","Apparel",17712
"1801","2018-01-01","J.P. Morgan","Financial Services",17567
"1802","2018-01-01","IKEA","Retail",17458
"1803","2018-01-01","Gillette","FMCG",16864
"1804","2018-01-01","UPS","Logistics",16849
"1805","2018-01-01","H&M","Apparel",16826
"1806","2018-01-01","Pampers","FMCG",16617
"1807","2018-01-01","Hermès","Luxury",16372
"1808","2018-01-01","Budweiser","Alcohol",15627
"1809","2018-01-01","Accenture","Business Services",14214
"1810","2018-01-01","Ford","Automotive",13995
"1811","2018-01-01","Hyundai","Automotive",13535
"1812","2018-01-01","NESCAFÉ","Beverages",13053
"1813","2018-01-01","eBay","Retail",13017
"1814","2018-01-01","Gucci","Luxury",12942
"1815","2018-01-01","Nissan","Automotive",12213
"1816","2018-01-01","Volkswagen","Automotive",12201
"1817","2018-01-01","Audi","Automotive",12187
"1818","2018-01-01","Philips","Electronics",12104
"1819","2018-01-01","Goldman Sachs","Financial Services",11769
"1820","2018-01-01","Citi","Financial Services",11577
"1821","2018-01-01","HSBC","Financial Services",11208
"1822","2018-01-01","AXA","Financial Services",11118
"1823","2018-01-01","L'Oréal","FMCG",11102
"1824","2018-01-01","Allianz","Financial Services",10821
"1825","2018-01-01","adidas","Sporting Goods",10772
"1826","2018-01-01","Adobe","Business Services",10748
"1827","2018-01-01","Porsche","Automotive",10707
"1828","2018-01-01","Kellogg's","FMCG",10634
"1829","2018-01-01","HP","Electronics",10433
"1830","2018-01-01","Canon","Electronics",10380
"1831","2018-01-01","Siemens","Diversified",10132
"1832","2018-01-01","Starbucks","Restaurants",9615
"1833","2018-01-01","Danone","FMCG",9533
"1834","2018-01-01","Sony","Electronics",9316
"1835","2018-01-01","3M","Diversified",9104
"1836","2018-01-01","Visa","Financial Services",9021
"1837","2018-01-01","Nestlé","FMCG",8938
"1838","2018-01-01","Morgan Stanley","Financial Services",8802
"1839","2018-01-01","Colgate","FMCG",8659
"1840","2018-01-01","Hewlett Packard Enterprise","Business Services",8157
"1841","2018-01-01","Netflix","Media",8111
"1842","2018-01-01","Cartier","Luxury",7646
"1843","2018-01-01","Huawei","Technology",7578
"1844","2018-01-01","Banco Santander","Financial Services",7547
"1845","2018-01-01","Mastercard","Financial Services",7545
"1846","2018-01-01","Kia","Automotive",6925
"1847","2018-01-01","FedEx","Logistics",6890
"1848","2018-01-01","PayPal","Financial Services",6621
"1849","2018-01-01","LEGO","FMCG",6533
"1850","2018-01-01","Salesforce.com","Business Services",6432
"1851","2018-01-01","Panasonic","Electronics",6293
"1852","2018-01-01","Johnson & Johnson","FMCG",6231
"1853","2018-01-01","Land Rover","Automotive",6221
"1854","2018-01-01","DHL","Logistics",5881
"1855","2018-01-01","Ferrari","Automotive",5760
"1856","2018-01-01","Discovery","Media",5755
"1857","2018-01-01","Caterpillar","Diversified",5730
"1858","2018-01-01","Tiffany & Co.","Luxury",5642
"1859","2018-01-01","Jack Daniel's","Alcohol",5641
"1860","2018-01-01","Corona","Alcohol",5517
"1861","2018-01-01","KFC","Restaurants",5481
"1862","2018-01-01","Heineken","Alcohol",5393
"1863","2018-01-01","John Deere","Diversified",5375
"1864","2018-01-01","Shell","Energy",5276
"1865","2018-01-01","MINI","Automotive",5254
"1866","2018-01-01","Dior","Luxury",5223
"1867","2018-01-01","Spotify","Media",5176
"1868","2018-01-01","Harley-Davidson","Automotive",5161
"1869","2018-01-01","Burberry","Luxury",4989
"1870","2018-01-01","Prada","Luxury",4812
"1871","2018-01-01","Sprite","Beverages",4733
"1872","2018-01-01","Johnnie Walker","Alcohol",4731
"1873","2018-01-01","Hennessy","Alcohol",4722
"1874","2018-01-01","Nintendo","Electronics",4696
"1875","2018-01-01","Subaru","Automotive",4214
"1876","2019-01-01","Apple","Technology",234241
"1877","2019-01-01","Google","Technology",167713
"1878","2019-01-01","Amazon","Technology",125263
"1879","2019-01-01","Microsoft","Technology",108847
"1880","2019-01-01","Coca-Cola","Beverages",63365
"1881","2019-01-01","Samsung","Technology",61098
"1882","2019-01-01","Toyota","Automotive",56246
"1883","2019-01-01","Mercedes-Benz","Automotive",50832
"1884","2019-01-01","McDonald's","Restaurants",45362
"1885","2019-01-01","Disney","Media",44352
"1886","2019-01-01","BMW","Automotive",41440
"1887","2019-01-01","IBM","Business Services",40381
"1888","2019-01-01","Intel","Technology",40197
"1889","2019-01-01","Facebook","Technology",39857
"1890","2019-01-01","Cisco","Business Services",35559
"1891","2019-01-01","Nike","Sporting Goods",32376
"1892","2019-01-01","Louis Vuitton","Luxury",32223
"1893","2019-01-01","Oracle","Business Services",26288
"1894","2019-01-01","GE","Diversified",25566
"1895","2019-01-01","SAP","Business Services",25092
"1896","2019-01-01","Honda","Automotive",24422
"1897","2019-01-01","Chanel","Luxury",22134
"1898","2019-01-01","American Express","Financial Services",21629
"1899","2019-01-01","Pepsi","Beverages",20488
"1900","2019-01-01","J.P. Morgan","Financial Services",19044
"1901","2019-01-01","IKEA","Retail",18407
"1902","2019-01-01","UPS","Logistics",18072
"1903","2019-01-01","Hermès","Luxury",17920
"1904","2019-01-01","Zara","Apparel",17175
"1905","2019-01-01","H&M","Apparel",16345
"1906","2019-01-01","Accenture","Business Services",16205
"1907","2019-01-01","Budweiser","Alcohol",16018
"1908","2019-01-01","Gucci","Luxury",15949
"1909","2019-01-01","Pampers","FMCG",15773
"1910","2019-01-01","Ford","Automotive",14325
"1911","2019-01-01","Hyundai","Automotive",14156
"1912","2019-01-01","Gillette","FMCG",13753
"1913","2019-01-01","NESCAFÉ","Beverages",13605
"1914","2019-01-01","Adobe","Business Services",12937
"1915","2019-01-01","Volkswagen","Automotive",12921
"1916","2019-01-01","Citi","Financial Services",12697
"1917","2019-01-01","Audi","Automotive",12689
"1918","2019-01-01","Allianz","Financial Services",12078
"1919","2019-01-01","eBay","Retail",12010
"1920","2019-01-01","adidas","Sporting Goods",11992
"1921","2019-01-01","AXA","Financial Services",11830
"1922","2019-01-01","HSBC","Financial Services",11816
"1923","2019-01-01","Starbucks","Restaurants",11798
"1924","2019-01-01","Philips","Electronics",11661
"1925","2019-01-01","Porsche","Automotive",11652
"1926","2019-01-01","L'Oréal","FMCG",11589
"1927","2019-01-01","Nissan","Automotive",11502
"1928","2019-01-01","Goldman Sachs","Financial Services",11352
"1929","2019-01-01","HP","Electronics",10891
"1930","2019-01-01","Visa","Financial Services",10756
"1931","2019-01-01","Sony","Electronics",10514
"1932","2019-01-01","Kellogg's","FMCG",10419
"1933","2019-01-01","Siemens","Diversified",10259
"1934","2019-01-01","Danone","FMCG",9915
"1935","2019-01-01","Nestlé","FMCG",9534
"1936","2019-01-01","Canon","Electronics",9482
"1937","2019-01-01","Mastercard","Financial Services",9430
"1938","2019-01-01","Dell","Electronics",9086
"1939","2019-01-01","3M","Diversified",9035
"1940","2019-01-01","Netflix","Media",8963
"1941","2019-01-01","Colgate","FMCG",8824
"1942","2019-01-01","Banco Santander","Financial Services",8521
"1943","2019-01-01","Cartier","Luxury",8192
"1944","2019-01-01","Morgan Stanley","Financial Services",8185
"1945","2019-01-01","Salesforce.com","Business Services",8004
"1946","2019-01-01","Hewlett Packard Enterprise","Business Services",7909
"1947","2019-01-01","PayPal","Financial Services",7604
"1948","2019-01-01","FedEx","Logistics",6998
"1949","2019-01-01","Huawei","Technology",6887
"1950","2019-01-01","LEGO","FMCG",6884
"1951","2019-01-01","Caterpillar","Diversified",6791
"1952","2019-01-01","Ferrari","Automotive",6458
"1953","2019-01-01","Kia","Automotive",6428
"1954","2019-01-01","Corona","Alcohol",6369
"1955","2019-01-01","Jack Daniel's","Alcohol",6347
"1956","2019-01-01","Panasonic","Electronics",6189
"1957","2019-01-01","Dior","Luxury",6045
"1958","2019-01-01","DHL","Logistics",5987
"1959","2019-01-01","John Deere","Diversified",5883
"1960","2019-01-01","Land Rover","Automotive",5855
"1961","2019-01-01","Johnson & Johnson","FMCG",5720
"1962","2019-01-01","Uber","Technology",5714
"1963","2019-01-01","Heineken","Alcohol",5626
"1964","2019-01-01","Nintendo","Electronics",5550
"1965","2019-01-01","MINI","Automotive",5532
"1966","2019-01-01","Discovery","Media",5525
"1967","2019-01-01","Spotify","Media",5516
"1968","2019-01-01","KFC","Restaurants",5509
"1969","2019-01-01","Tiffany & Co.","Luxury",5335
"1970","2019-01-01","Hennessy","Alcohol",5297
"1971","2019-01-01","Burberry","Luxury",5205
"1972","2019-01-01","Shell","Energy",5105
"1973","2019-01-01","LinkedIn","Media",4836
"1974","2019-01-01","Harley-Davidson","Automotive",4793
"1975","2019-01-01","Prada","Luxury",4781
